ts,symbol,side,qty,price,cost
2025-01-08,FUBO,SELL,740,67.49,124.8565
2025-01-16,BOIL,SELL,340,149.0,126.65
2025-01-21,MSTX,SELL,80,637.67,127.534
2025-01-21,MARA,SELL,2497,20.51,128.033675
2025-01-22,OKLO,SELL,1586,32.43,128.58495
2025-01-23,BOIL,BUY,340,140.44,119.374
2025-01-23,MARA,BUY,2497,20.51,128.033675
2025-01-23,NNE,SELL,1349,37.54,126.60365
2025-01-24,FUBO,BUY,740,47.16,87.246
2025-01-24,OKLO,BUY,1586,39.55,156.81575
2025-01-24,CLEU,SELL,89,560.32,124.6712
2025-01-28,CLEU,BUY,89,588.0,130.83
2025-01-29,NNE,BUY,1349,37.54,126.60365
2025-02-03,HIMS,SELL,1322,38.4,126.912
2025-02-05,HIMS,BUY,1322,42.0,138.81
2025-02-06,TEM,SELL,710,71.39,126.71725
2025-02-10,SMCI,SELL,1335,38.0,126.825
2025-02-11,TEM,BUY,710,71.39,126.71725
2025-02-13,AIFF,SELL,3011,16.75,126.085625
2025-02-14,SMCI,BUY,1335,42.94,143.31224999999998
2025-02-14,TEM,SELL,585,87.77,128.363625
2025-02-18,MSTX,BUY,80,432.45,86.49
2025-02-19,SMCX,SELL,221,233.21,128.848525
2025-02-19,SMCI,SELL,873,59.04,128.8548
2025-02-21,SMCX,BUY,221,245.6,135.694
2025-02-21,SMCI,BUY,873,61.0,133.1325
2025-02-26,TSLQ,SELL,455,115.09,130.914875
2025-02-26,TSLZ,SELL,668,78.48,131.0616
2025-02-26,MSTZ,SELL,1803,29.07,131.033025
2025-02-28,AIFF,BUY,3011,4.57,34.400675
2025-02-28,TSLQ,BUY,455,130.49,148.432375
2025-02-28,TSLZ,BUY,668,88.89,148.4463
2025-02-28,MSTZ,BUY,1803,29.82,134.41365
2025-03-05,GRRR,SELL,1317,39.49,130.020825
2025-03-11,TSLQ,SELL,272,194.44,132.2192
2025-03-11,TSLZ,SELL,400,132.44,132.44
2025-03-13,GRRR,BUY,1317,28.86,95.02155
2025-03-17,TEM,BUY,585,46.805,68.4523125
2025-03-17,QBTS,SELL,4932,10.91,134.5203
2025-03-18,TSLQ,BUY,272,171.42,116.5656
2025-03-18,TSLZ,BUY,400,116.87,116.87
2025-03-18,QUBT,SELL,6473,8.26,133.66745
2025-03-19,QBTS,BUY,4932,10.94,134.89019999999996
2025-03-20,QUBT,BUY,6473,8.26,133.66745
2025-03-25,TSLL,SELL,4936,10.82,133.5188
2025-03-25,TEM,SELL,878,60.77,133.39015000000003
2025-03-25,APP,SELL,152,349.91,132.96580000000003
2025-03-27,TSLL,BUY,4936,10.82,133.5188
2025-03-31,UVXY,SELL,428,127.45,136.3715
2025-04-01,MLGO,SELL,56,966.45,135.303
2025-04-02,APP,BUY,152,273.33,103.8654
2025-04-03,TEM,BUY,878,45.41,99.67494999999998
2025-04-03,UVXY,BUY,428,137.95,147.6065
2025-04-08,YANG,SELL,891,62.21,138.572775
2025-04-09,UVIX,SELL,28,1947.0,136.29
2025-04-16,YANG,BUY,891,45.46,101.26215
2025-04-17,UVIX,BUY,28,1126.2,78.834
2025-04-22,MLGO,BUY,56,361.2,50.568
2025-04-23,BITX,SELL,1466,39.49,144.73085
2025-04-24,TEM,SELL,1134,51.04,144.6984
2025-04-25,BITX,BUY,1466,39.74,145.6471
2025-04-25,SOXL,SELL,4687,12.32,144.3596
2025-04-28,CEP,SELL,1775,32.5,144.21875
2025-04-28,XXI,SELL,1775,32.5,144.21875
2025-04-28,TSLL,SELL,5694,10.13,144.20055
2025-04-30,CEP,BUY,1775,32.5,144.21875
2025-04-30,XXI,BUY,1775,32.5,144.21875
2025-05-01,TEM,BUY,1134,53.5,151.6725
2025-05-01,SOXL,BUY,4687,12.49,146.351575
2025-05-01,TSLL,BUY,5694,10.13,144.20055
2025-05-02,CEP,SELL,1010,56.97,143.84925
2025-05-02,XXI,SELL,1010,56.97,143.84925
2025-05-07,HIMS,SELL,1179,50.95,150.175125
2025-05-09,HIMS,BUY,1179,50.95,150.175125
2025-05-09,ASST,SELL,367,163.7,150.19474999999997
2025-05-09,PONY,SELL,3395,17.7,150.22875
2025-05-13,PONY,BUY,3395,19.05,161.686875
2025-05-13,NBIS,SELL,1771,34.34,152.04035000000002
2025-05-13,SOXL,SELL,3459,17.58,152.02304999999998
2025-05-13,ETHU,SELL,987,61.57,151.923975
2025-05-13,TSLL,SELL,4876,12.47,152.0093
2025-05-14,ACHR,SELL,5240,11.49,150.519
2025-05-14,TSLT,SELL,2973,20.25,150.508125
2025-05-14,SMCI,SELL,1310,45.925,150.404375
2025-05-14,CONL,SELL,2132,28.22,150.4126
2025-05-14,OKLO,SELL,1741,34.55,150.378875
2025-05-15,NBIS,BUY,1771,35.07,155.272425
2025-05-15,ETHU,BUY,987,61.94,152.83695
2025-05-15,TSLL,BUY,4876,13.76,167.73439999999997
2025-05-15,SMR,SELL,2517,23.63,148.691775
2025-05-16,CEP,BUY,1010,33.8,85.345
2025-05-16,XXI,BUY,1010,33.8,85.345
2025-05-16,ASST,BUY,367,124.2,113.9535
2025-05-16,ACHR,BUY,5240,12.8399,168.20269
2025-05-16,TSLT,BUY,2973,20.62,153.25815
2025-05-16,SMCI,BUY,1310,45.925,150.404375
2025-05-16,CONL,BUY,2132,28.22,150.4126
2025-05-16,OKLO,BUY,1741,38.53,167.701825
2025-05-19,SMR,BUY,2517,23.63,148.691775
2025-05-20,SOXL,BUY,3459,17.58,152.02304999999998
2025-05-21,QBTS,SELL,3409,17.3,147.43925
2025-05-23,QBTS,BUY,3409,17.905,152.5953625
2025-05-28,LEU,SELL,446,131.7,146.8455
2025-05-28,SMR,SELL,1608,36.59,147.09180000000003
2025-06-03,LEU,BUY,446,135.47,151.04905
2025-06-05,APLD,SELL,4236,13.97,147.94230000000002
2025-06-05,ASTS,SELL,2002,29.55,147.89775
2025-06-06,NBIS,SELL,1231,47.69,146.765975
2025-06-09,SMR,BUY,1608,35.1,141.102
2025-06-09,APLD,BUY,4236,14.52,153.7668
2025-06-10,ASTS,BUY,2002,35.18,176.0759
2025-06-10,NBIS,BUY,1231,51.0,156.9525
2025-06-12,QUBT,SELL,2934,19.73,144.71955
2025-06-16,QUBT,BUY,2934,19.73,144.71955
2025-06-16,URGN,SELL,4466,12.96,144.6984
2025-06-16,ASTS,SELL,1464,39.52,144.64320000000004
2025-06-18,ASTS,BUY,1464,41.31,151.1946
2025-06-20,URGN,BUY,4466,15.1,168.59149999999997
2025-06-25,BBAI,SELL,9869,5.8,143.1005
2025-06-25,AMDL,SELL,6797,8.42,143.07685
2025-06-26,BBAI,BUY,9869,5.8,143.1005
2025-06-26,NKTR,SELL,1833,31.149,142.7402925
2025-06-26,NVDL,SELL,2467,23.14,142.71595
2025-06-30,NVDL,BUY,2467,23.64,145.7997
2025-07-03,BULL,SELL,3961,14.6,144.5765
2025-07-09,AMDL,BUY,6797,8.09,137.469325
2025-07-09,SBET,SELL,3058,19.02,145.4079
2025-07-10,BULL,BUY,3961,13.21,130.81202500000003
2025-07-11,NKTR,BUY,1833,24.815,113.7147375
2025-07-11,SBET,BUY,3058,20.03,153.12935000000002
2025-07-14,SBET,SELL,2315,24.995,144.6585625
2025-07-14,ETHU,SELL,716,80.73,144.5067
2025-07-15,SMR,SELL,1323,43.38,143.47935
2025-07-16,SBET,BUY,2315,33.8,195.6175
2025-07-16,ETHU,BUY,716,86.86,155.4794
2025-07-16,MP,SELL,923,61.08,140.9421
2025-07-17,SMR,BUY,1323,46.66,154.32795
2025-07-17,SBET,SELL,1443,39.065,140.9269875
2025-07-18,MP,BUY,923,61.08,140.9421
2025-07-18,QS,SELL,4061,14.05,142.642625
2025-07-18,BBAI,SELL,6735,8.47,142.613625
2025-07-18,APLD,SELL,4973,11.47,142.60077500000003
2025-07-21,BTOG,SELL,209,277.44,144.9624
2025-07-22,NVTS,SELL,6649,8.79,146.11177499999997
2025-07-24,BBAI,BUY,6735,7.79,131.164125
2025-07-24,NVTS,BUY,6649,8.865,147.3584625
2025-07-25,APLD,BUY,4973,11.47,142.60077500000003
2025-07-29,AMDL,SELL,4691,12.88,151.0502
2025-07-31,AMDL,BUY,4691,13.72,160.9013
2025-07-31,HIMS,SELL,895,67.5,151.03125
2025-08-05,SBET,BUY,1443,19.035,68.6687625
2025-08-06,QS,BUY,4061,8.46,85.89015
2025-08-08,BTOG,BUY,209,143.49,74.97352500000001
2025-08-13,BTAI,SELL,8367,7.29,152.488575
2025-08-13,ETHU,SELL,336,181.23,152.2332
2025-08-14,TLRY,SELL,4839,12.88,155.81580000000002
2025-08-15,BTAI,BUY,8367,4.75,99.358125
2025-08-20,MSTZ,SELL,11783,5.37,158.186775
2025-08-21,MSTZ,BUY,11783,5.37,158.186775
2025-08-22,HIMS,BUY,895,42.905,95.9999375
2025-08-22,ETHU,BUY,336,181.23,152.2332
2025-08-22,TLRY,BUY,4839,11.3,136.70175
2025-08-26,IXHL,SELL,2286,27.37,156.41955
2025-08-29,ONDS,SELL,10574,6.0,158.61
2025-09-02,IXHL,BUY,2286,20.39,116.52885
2025-09-05,OPEN,SELL,9913,6.41,158.855825
2025-09-08,ONDS,BUY,10574,6.0,158.61
2025-09-09,ECHO,SELL,759,83.575,158.5835625
2025-09-09,SATS,SELL,759,83.575,158.5835625
2025-09-10,OPEN,BUY,9913,6.41,158.855825
2025-09-11,APLD,SELL,3647,17.49,159.46507499999998
2025-09-12,WLDS,SELL,772,82.53,159.2829
2025-09-15,APLD,BUY,3647,19.105,174.1898375
2025-09-15,TSLL,SELL,3528,18.35,161.847
2025-09-16,TSLT,SELL,2553,25.49,162.689925
2025-09-16,TSLG,SELL,7378,8.82,162.6849
2025-09-17,TSLL,BUY,3528,18.35,161.847
2025-09-17,BBAI,SELL,10585,6.12,161.9505
2025-09-18,TSLT,BUY,2553,27.04,172.5828
2025-09-18,TSLG,BUY,7378,9.355,172.552975
2025-09-18,QBTS,SELL,2794,23.22,162.1917
2025-09-18,RGTI,SELL,2836,22.875,162.18375
2025-09-19,BBAI,BUY,10585,6.31,166.97837499999997
2025-09-22,QBTS,BUY,2794,24.49,171.06265
2025-09-22,RGTI,BUY,2836,26.33,186.67969999999997
2025-09-22,BBAI,SELL,8973,7.06,158.37345
2025-09-23,APLD,SELL,2508,25.18,157.8786
2025-09-23,EOSE,SELL,5986,10.55,157.88075
2025-09-23,NBIS,SELL,575,109.8,157.8375
2025-09-24,BBAI,BUY,8973,8.04,180.3573
2025-09-25,EOSE,BUY,5986,10.55,157.88075
2025-09-25,NBIS,BUY,575,109.8,157.8375
2025-09-26,QURE,SELL,1176,54.23,159.4362
2025-09-30,QURE,BUY,1176,59.69,175.4886
2025-10-01,ECHO,BUY,759,75.51,143.280225
2025-10-01,SATS,BUY,759,75.51,143.280225
2025-10-01,APLD,BUY,2508,22.83,143.14409999999998
2025-10-02,WLDS,BUY,772,45.09,87.0237
2025-10-02,PL,SELL,4393,14.36,157.7087
2025-10-03,CONL,SELL,1352,46.5,157.17
2025-10-03,NVTS,SELL,7421,8.47,157.139675
2025-10-03,RGTI,SELL,1699,36.99,157.115025
2025-10-06,PL,BUY,4393,15.8,173.5235
2025-10-06,RR,SELL,9217,6.76,155.7673
2025-10-06,RGTX,SELL,237,262.03,155.25277499999999
2025-10-06,USAR,SELL,2224,28.0,155.68
2025-10-07,CONL,BUY,1352,48.72,164.6736
2025-10-07,NVTS,BUY,7421,8.47,157.139675
2025-10-07,RGTI,BUY,1699,43.65,185.40337499999998
2025-10-07,RCAT,SELL,4067,15.065,153.1733875
2025-10-08,RR,BUY,9217,7.09,163.371325
2025-10-08,RGTX,BUY,237,310.34,183.87644999999998
2025-10-08,USAR,BUY,2224,29.58,164.4648
2025-10-08,RGTI,SELL,1352,45.23,152.8774
2025-10-09,RCAT,BUY,4067,15.065,153.1733875
2025-10-09,AMDL,SELL,2849,21.36,152.1366
2025-10-10,RGTI,BUY,1352,47.83,161.6654
2025-10-10,WULF,SELL,4248,14.455,153.5121
2025-10-14,WULF,BUY,4248,14.455,153.5121
2025-10-14,UAMY,SELL,3144,19.5,153.27
2025-10-14,CRML,SELL,2026,30.25,153.21625
2025-10-14,OKLO,SELL,348,176.14,153.24179999999998
2025-10-14,NVTS,SELL,4923,12.45,153.228375
2025-10-14,MP,SELL,625,97.91,152.984375
2025-10-15,STI,SELL,2153,28.84,155.2313
2025-10-15,BITF,SELL,9961,6.235,155.26708750000003
2025-10-15,KEEL,SELL,9960,6.235,155.25150000000002
2025-10-16,AMDL,BUY,2849,21.36,152.1366
2025-10-16,OKLO,BUY,348,176.14,153.24179999999998
2025-10-16,NVTS,BUY,4923,15.24,187.5663
2025-10-16,APLD,SELL,1664,38.89,161.7824
2025-10-16,FLNC,SELL,2931,22.08,161.7912
2025-10-16,SMR,SELL,1148,56.33,161.6671
2025-10-21,BITF,BUY,9961,4.98,124.01445000000002
2025-10-21,KEEL,BUY,9960,4.98,124.002
2025-10-21,UAMY,BUY,3144,12.5,98.25
2025-10-22,BYND,SELL,375,185.1,173.53125
2025-10-27,STI,BUY,2153,14.8,79.661
2025-10-27,FLNC,BUY,2931,19.98,146.40345
2025-10-29,SMR,BUY,1148,42.155,120.98485
2025-10-31,CRML,BUY,2026,13.1,66.3515
2025-11-05,TERN,SELL,3960,17.95,177.705
2025-11-07,TERN,BUY,3960,18.0,178.2
2025-11-10,MP,BUY,625,61.55,96.171875
2025-11-11,APLD,BUY,1664,30.35,126.256
2025-11-12,DMRA,SELL,2929,24.29,177.863525
2025-11-12,GLTO,SELL,2928,24.29,177.8028
2025-11-12,COGT,SELL,2066,34.42,177.7793
2025-11-14,DMRA,BUY,2929,27.01,197.78072500000002
2025-11-14,GLTO,BUY,2928,27.01,197.7132
2025-11-14,COGT,BUY,2066,34.42,177.7793
2025-11-17,MSTZ,SELL,5925,11.87,175.824375
2025-11-19,MSTZ,BUY,5925,11.87,175.824375
2025-11-26,AEHL,SELL,199,352.32,175.27919999999997
2025-11-28,BYND,BUY,375,30.6,28.6875
2025-12-05,AEHL,BUY,199,352.32,175.27919999999997
2025-12-09,ECHO,SELL,773,90.91,175.683575
2025-12-09,SATS,SELL,773,90.91,175.683575
2025-12-11,ECHO,BUY,773,106.1,205.03824999999998
2025-12-11,SATS,BUY,773,106.1,205.03824999999998
2025-12-15,ECHO,SELL,624,110.59,172.5204
2025-12-15,SATS,SELL,624,110.59,172.5204
2025-12-19,ECHO,BUY,624,110.59,172.5204
2025-12-19,SATS,BUY,624,110.59,172.5204
2026-01-05,ONDS,SELL,6081,11.35,172.54837499999996
2026-01-06,OKLO,SELL,737,93.0,171.3525
2026-01-06,SMR,SELL,3500,19.58,171.325
2026-01-06,UUUU,SELL,3603,19.02,171.32265
2026-01-07,ONDS,BUY,6081,12.7,193.07175
2026-01-08,OKLO,BUY,737,96.71,178.18817499999997
2026-01-08,SMR,BUY,3500,19.58,171.325
2026-01-08,UUUU,BUY,3603,19.53,175.91647500000002
2026-01-08,CRML,SELL,4823,14.16,170.73420000000002
2026-01-12,CRML,BUY,4823,16.36,197.2607
2026-01-12,BE,SELL,490,138.09,169.16025000000002
2026-01-14,BE,BUY,490,139.39,170.75274999999996
2026-01-16,ROLR,SELL,2707,25.0,169.1875
2026-01-22,AMDL,SELL,3263,21.36,174.24419999999998
2026-01-22,BOIL,SELL,1187,58.7,174.19225000000003
2026-01-22,MUU,SELL,7489,9.305,174.2128625
2026-01-22,CRVS,SELL,2867,24.3,174.17025
2026-01-23,USAR,SELL,2950,23.62,174.1975
2026-01-26,AMDL,BUY,3263,21.86,178.32294999999996
2026-01-26,BOIL,BUY,1187,58.9,174.78575
2026-01-26,MUU,BUY,7489,9.305,174.2128625
2026-01-26,TMC,SELL,7145,9.745,174.07006249999998
2026-01-27,USAR,BUY,2950,27.0,199.125
2026-01-28,CRWG,SELL,1085,64.75,175.634375
2026-01-29,ROLR,BUY,2707,8.51,57.591425
2026-01-29,TMC,BUY,7145,8.1,144.68625
2026-01-29,AGQ,SELL,165,429.415,177.13368750000004
2026-01-30,FEED,SELL,1438,51.24,184.20780000000002
2026-02-03,SNDK,SELL,108,694.06,187.3962
2026-02-04,AGQ,BUY,165,190.07,78.403875
2026-02-05,FEED,BUY,1438,36.36,130.7142
2026-02-09,CRWG,BUY,1085,37.8,102.5325
2026-02-12,SNDK,BUY,108,640.55,172.94849999999997
2026-02-12,NKTR,SELL,1101,68.34,188.10585
2026-02-17,NKTR,BUY,1101,71.44,196.6386
2026-02-17,FSLY,SELL,3999,18.81,188.05297499999998
2026-02-19,FSLY,BUY,3999,18.81,188.05297499999998
2026-02-24,IBRX,SELL,7404,10.15,187.87650000000002
2026-02-25,CRVS,BUY,2867,17.82,127.72485
2026-03-02,IBRX,BUY,7404,10.15,187.87650000000002
2026-03-03,BATL,SELL,3034,24.76,187.80460000000002
2026-03-05,BATL,BUY,3034,24.76,187.80460000000002
2026-03-09,AMPX,SELL,4465,16.82,187.75325
2026-03-10,QURE,SELL,4038,18.53,187.06035
2026-03-11,AMPX,BUY,4465,18.13,202.376125
2026-03-11,HIMZ,SELL,2290,32.73,187.37925
2026-03-13,HIMZ,BUY,2290,32.76,187.551
2026-03-23,QURE,BUY,4038,16.06,162.12569999999997
2026-04-06,FLY,SELL,2217,33.92,188.0016
2026-04-08,FLY,BUY,2217,38.1,211.16925
2026-04-09,SOXL,SELL,1074,69.53,186.68805
2026-04-09,HUT,SELL,1181,63.27,186.80467500000003
2026-04-09,AAOI,SELL,546,136.68,186.5682
2026-04-09,FLY,SELL,1902,39.26,186.68129999999996
2026-04-09,CIFR,SELL,4704,15.88,186.7488
2026-04-10,BE,SELL,447,164.93,184.309275
2026-04-13,SOXL,BUY,1074,75.59,202.95915
2026-04-13,AAOI,BUY,546,148.53,202.74345
2026-04-13,FLY,BUY,1902,39.26,186.68129999999996
2026-04-13,CRWG,SELL,1735,42.0,182.175
2026-04-13,IREN,SELL,1799,40.5,182.14875
2026-04-14,HUT,BUY,1181,72.3303,213.55521075
2026-04-14,CIFR,BUY,4704,18.42,216.6192
2026-04-14,BE,BUY,447,202.78,226.60665
2026-04-14,SOXL,SELL,845,83.27,175.907875
2026-04-15,CRWG,BUY,1735,55.0,238.5625
2026-04-15,IREN,BUY,1799,47.25,212.506875
2026-04-15,BE,SELL,310,225.6,174.84
2026-04-16,SOXL,BUY,845,85.01,179.583625
2026-04-16,QBTS,SELL,3196,22.0,175.78
2026-04-17,XNDU,SELL,1828,38.5,175.945
2026-04-20,INFQ,SELL,3969,17.94,178.00965
2026-04-20,CONL,SELL,7206,9.88,177.9882
2026-04-20,IONX,SELL,1413,50.38,177.96735
2026-04-21,BE,BUY,310,225.6,174.84
2026-04-21,USAR,SELL,3131,23.26,182.06765
2026-04-22,CONL,BUY,7206,9.88,177.9882
2026-04-22,IONX,BUY,1413,51.0215,180.23344875000004
2026-04-23,XNDU,BUY,1828,32.905,150.37585
2026-04-23,USAR,BUY,3131,24.98,195.53095
2026-04-23,SOXL,SELL,655,108.81,178.176375
2026-04-23,NVTS,SELL,3751,19.02,178.36005
2026-04-27,SOXL,BUY,655,128.325,210.13218749999996
2026-05-01,QBTS,BUY,3196,20.1,160.59900000000002
2026-05-01,NVTS,BUY,3751,16.45,154.259875
2026-05-01,AKAN,SELL,1235,57.72,178.2105
2026-05-04,AXTI,SELL,731,98.88,180.7032
2026-05-06,AXTI,BUY,731,110.2,201.3905
2026-05-06,KORU,SELL,1760,41.04,180.57599999999996
2026-05-06,MUU,SELL,3356,21.53,180.63670000000002
2026-05-06,IREN,SELL,1281,56.38,180.55695
2026-05-06,CIFR,SELL,3173,22.76,180.54370000000003
2026-05-07,INFQ,BUY,3969,13.25,131.473125
2026-05-07,IRE,SELL,1898,38.21,181.30645
2026-05-08,AKAN,BUY,1235,35.34,109.11225
2026-05-08,KORU,BUY,1760,42.7,187.88
2026-05-08,MUU,BUY,3356,22.66,190.11740000000003
2026-05-08,IREN,BUY,1281,63.845,204.46361249999998
2026-05-11,FLNC,SELL,2907,24.88,180.8154
2026-05-12,WOLF,SELL,1403,51.82,181.75865000000002
2026-05-12,INOD,SELL,680,106.94,181.798
2026-05-13,MRAM,SELL,1441,50.21,180.881525
2026-05-14,CIFR,BUY,3173,21.51,170.62807500000002
2026-05-14,WOLF,BUY,1403,63.355,222.2176625
2026-05-14,FCEL,SELL,3546,20.52,181.9098
2026-05-15,IRE,BUY,1898,31.035,147.261075
2026-05-15,FIGR,SELL,1635,44.52,181.9755
2026-05-15,SNAL,SELL,12288,5.925,182.01599999999996
2026-05-18,FCEL,BUY,3546,20.71,183.59415
2026-05-19,SNAL,BUY,12288,4.8,147.456
2026-05-21,INOD,BUY,680,94.56,160.752
2026-05-22,FLNC,BUY,2907,20.2,146.8035
2026-05-22,ASTX,SELL,1725,43.37,187.033125
2026-05-22,ASTS,SELL,754,99.12,186.84120000000001
2026-05-26,MRAM,BUY,1441,34.4,123.926
2026-05-26,RDW,SELL,3674,19.645,180.439325
2026-05-26,NVTS,SELL,2302,31.355,180.44802500000003
2026-05-27,FIGR,BUY,1635,34.91,142.69462499999997
2026-05-27,ASTX,BUY,1725,66.21,285.53062499999993
2026-05-27,ASTS,BUY,754,124.0,233.74
2026-05-27,SOXL,SELL,293,242.66,177.74845
2026-05-27,PRIM,SELL,534,133.13,177.72855
2026-05-27,SIDU,SELL,10525,6.76,177.8725
2026-05-27,KEEL,SELL,13474,5.28,177.8568
2026-05-28,RDW,BUY,3674,22.94,210.7039
2026-05-28,ASTX,SELL,962,75.23,180.92815000000002
2026-05-28,ASTS,SELL,542,133.49,180.87895
2026-05-29,KEEL,BUY,13474,5.58,187.9623
2026-05-29,ASTC,SELL,1971,37.7,185.76675000000003
2026-05-29,SMCI,SELL,1670,44.5,185.7875
2026-06-01,SIDU,BUY,10525,4.91,129.194375
2026-06-02,SOXL,BUY,293,243.18,178.12935000000002
2026-06-02,ASTC,BUY,1971,37.7,185.76675000000003
2026-06-02,HUBC,SELL,6912,10.61,183.34079999999997
2026-06-02,HUT,SELL,537,136.35,183.049875
2026-06-02,NBIS,SELL,269,272.45,183.222625
2026-06-03,NVTS,BUY,2302,31.355,180.44802500000003
2026-06-03,ASTX,BUY,962,53.265,128.102325
2026-06-03,ASTS,BUY,542,113.505,153.799275
2026-06-03,SMCI,BUY,1670,49.47,206.53724999999997
2026-06-03,MVLL,SELL,971,74.68,181.28570000000002
2026-06-04,PRIM,BUY,534,123.86,165.3531
2026-06-05,HUBC,BUY,6912,4.04,69.8112
2026-06-12,MVLL,BUY,971,49.92,121.1808
2026-06-15,HUT,BUY,537,125.99,169.141575
2026-06-15,NBIS,BUY,269,251.96,169.44310000000002
2026-06-18,EOSE,SELL,9572,8.04,192.39719999999997
2026-06-22,BE,SELL,228,338.78,193.1046
2026-06-22,CIFR,SELL,2570,30.06,193.1355
2026-06-22,FCEL,SELL,3120,24.76,193.12800000000001
2026-06-23,KEEL,SELL,11459,6.86,196.52185000000003
2026-06-24,BE,BUY,228,338.78,193.1046
2026-06-24,FCEL,BUY,3120,25.11,195.858
2026-06-26,MSTZ,SELL,4321,18.24,197.03759999999997
2026-06-30,OUST,SELL,1432,55.69,199.3702
2026-06-30,ASTS,SELL,892,89.37,199.29510000000002
2026-07-01,FCEL,SELL,2173,37.09,201.49142500000002
2026-07-02,ASTS,BUY,892,89.37,199.29510000000002
2026-07-06,KEEL,BUY,11459,4.59,131.492025
2026-07-08,EOSE,BUY,9572,4.74,113.4282
2026-07-09,CIFR,BUY,2570,22.62,145.3335
2026-07-09,MSTZ,BUY,4321,12.7,137.19175
2026-07-10,OUST,BUY,1432,47.57,170.30060000000003
2026-07-15,FCEL,BUY,2173,21.26,115.49495
2026-07-15,VEEE,SELL,1931,43.47,209.851425
2026-07-17,VEEE,BUY,1931,43.47,209.851425
2026-07-23,SMCI,SELL,2666,31.48,209.8142
2026-07-29,DFNS,SELL,2158,39.23,211.64585
2026-07-29,SOXS,SELL,1307,64.76,211.6033
2026-07-31,DFNS,BUY,2158,37.0,199.615
2026-08-03,SMCI,BUY,2666,28.0,186.62
2026-08-05,PLTU,SELL,1859,46.16,214.52859999999995
2026-08-05,AAOI,SELL,633,135.58,214.55535000000003
2026-08-07,PLTU,BUY,1859,46.16,214.52859999999995
2026-08-07,AAOI,BUY,633,142.48,225.4746
2026-08-07,RDW,SELL,6904,12.42,214.3692
2026-08-10,RKLB,SELL,999,85.31,213.061725
2026-08-11,SOXS,BUY,1307,43.01,140.535175
2026-08-13,SMCI,SELL,2210,38.74,214.0385
2026-08-13,NBIS,SELL,320,266.98,213.584
2026-08-14,SNDK,SELL,51,1646.93,209.983575
2026-08-14,SNXX,SELL,5233,16.27,212.852275
2026-08-17,RKLB,BUY,999,85.31,213.061725
2026-08-17,SMCI,BUY,2210,39.31,217.18775
2026-08-17,NBIS,BUY,320,276.78,221.424
2026-08-18,SNDK,BUY,51,1677.54,213.88635
2026-08-18,SNXX,BUY,5233,16.74,219.00105
2026-08-18,WETO,SELL,1972,43.05,212.2365
2026-08-19,RDW,BUY,6904,12.57,216.9582
2026-08-19,IPST,SELL,5373,16.23,218.009475
2026-08-21,WETO,BUY,1972,25.09,123.6937
2026-08-21,ETHU,SELL,3559,24.87,221.280825
2026-08-24,CONL,SELL,13742,6.44,221.24620000000004
2026-08-25,ETHU,BUY,3559,26.27,233.737325
2026-08-27,CONL,BUY,13742,6.44,221.24620000000004
2026-08-28,IPST,BUY,5373,4.71,63.267075
2026-09-03,BIAF,SELL,6784,13.2,223.87199999999996
2026-09-08,BIAF,BUY,6784,10.63,180.2848
2026-09-08,BE,SELL,337,267.76,225.5878
2026-09-08,SNXX,SELL,5036,17.945,225.92755
2026-09-08,SNDK,SELL,50,1792.2,224.025
