symbol,side,entry_ts,exit_ts,entry_px,exit_px,qty,gross_pnl,cost,net_pnl,return_pct,hold_days
BOIL,SHORT,2025-01-16,2025-01-23,149.0,140.44,340,2910.4000000000005,246.024,2664.3760000000007,5.744966442953025,7.0
MARA,SHORT,2025-01-21,2025-01-23,20.51,20.51,2497,-0.0,256.06735,-256.06735,0.0,2.0
FUBO,SHORT,2025-01-08,2025-01-24,67.49,47.16,740,15044.199999999999,212.1025,14832.097499999998,30.12298118239739,16.0
OKLO,SHORT,2025-01-22,2025-01-24,32.43,39.55,1586,-11292.319999999996,285.40070000000003,-11577.720699999996,-21.95497995683009,2.0
CLEU,SHORT,2025-01-24,2025-01-28,560.32,588.0,89,-2463.5199999999954,255.5012,-2719.0211999999956,-4.9400342661336305,4.0
NNE,SHORT,2025-01-23,2025-01-29,37.54,37.54,1349,-0.0,253.2073,-253.2073,0.0,6.0
HIMS,SHORT,2025-02-03,2025-02-05,38.4,42.0,1322,-4759.200000000002,265.722,-5024.922000000001,-9.375,2.0
TEM,SHORT,2025-02-06,2025-02-11,71.39,71.39,710,-0.0,253.4345,-253.4345,0.0,5.0
SMCI,SHORT,2025-02-10,2025-02-14,38.0,42.94,1335,-6594.899999999997,270.13725,-6865.037249999997,-12.99999999999999,4.0
MSTX,SHORT,2025-01-21,2025-02-18,637.67,432.45,80,16417.6,214.024,16203.576,32.182790471560516,28.0
SMCX,SHORT,2025-02-19,2025-02-21,233.21,245.6,221,-2738.189999999997,264.54252499999996,-3002.7325249999967,-5.312808198619257,2.0
SMCI,SHORT,2025-02-19,2025-02-21,59.04,61.0,873,-1711.0800000000008,261.9873,-1973.0673000000008,-3.3197831978319714,2.0
AIFF,SHORT,2025-02-13,2025-02-28,16.75,4.57,3011,36673.979999999996,160.4863,36513.4937,72.71641791044776,15.0
TSLQ,SHORT,2025-02-26,2025-02-28,115.09,130.49,455,-7007.000000000003,279.34725000000003,-7286.3472500000025,-13.38083239204102,2.0
TSLZ,SHORT,2025-02-26,2025-02-28,78.48,88.89,668,-6953.879999999997,279.5079,-7233.387899999997,-13.26452599388379,2.0
MSTZ,SHORT,2025-02-26,2025-02-28,29.07,29.82,1803,-1352.25,265.446675,-1617.6966750000001,-2.579979360165119,2.0
GRRR,SHORT,2025-03-05,2025-03-13,39.49,28.86,1317,13999.710000000003,225.042375,13774.667625000002,26.918207141048367,8.0
TEM,SHORT,2025-02-14,2025-03-17,87.77,46.805,585,23964.524999999998,196.81593750000002,23767.7090625,46.6731229349436,31.0
TSLZ,SHORT,2025-03-11,2025-03-18,132.44,116.87,400,6227.999999999997,249.31,5978.689999999997,11.756266988825125,7.0
TSLQ,SHORT,2025-03-11,2025-03-18,194.44,171.42,272,6261.440000000002,248.78480000000002,6012.655200000002,11.839127751491462,7.0
QBTS,SHORT,2025-03-17,2025-03-19,10.91,10.94,4932,-147.95999999999685,269.41049999999996,-417.3704999999968,-0.274977085242889,2.0
QUBT,SHORT,2025-03-18,2025-03-20,8.26,8.26,6473,-0.0,267.3349,-267.3349,0.0,2.0
TSLL,SHORT,2025-03-25,2025-03-27,10.82,10.82,4936,-0.0,267.0376,-267.0376,0.0,2.0
APP,SHORT,2025-03-25,2025-04-02,349.91,273.33,152,11640.160000000007,236.83120000000002,11403.328800000007,21.885627732845602,8.0
TEM,SHORT,2025-03-25,2025-04-03,60.77,45.41,878,13486.080000000005,233.06510000000003,13253.014900000006,25.275629422412383,9.0
UVXY,SHORT,2025-03-31,2025-04-03,127.45,137.95,428,-4493.999999999994,283.978,-4777.977999999994,-8.238524911730071,3.0
YANG,SHORT,2025-04-08,2025-04-16,62.21,45.46,891,14924.25,239.834925,14684.415075,26.924931683009156,8.0
UVIX,SHORT,2025-04-09,2025-04-17,1947.0,1126.2,28,22982.399999999998,215.124,22767.275999999998,42.15716486902927,8.0
MLGO,SHORT,2025-04-01,2025-04-22,966.45,361.2,56,33894.0,185.87099999999998,33708.129,62.6261058513115,21.0
BITX,SHORT,2025-04-23,2025-04-25,39.49,39.74,1466,-366.5,290.37795,-656.87795,-0.6330716637123368,2.0
CEP,SHORT,2025-04-28,2025-04-30,32.5,32.5,1775,-0.0,288.4375,-288.4375,0.0,2.0
XXI,SHORT,2025-04-28,2025-04-30,32.5,32.5,1775,-0.0,288.4375,-288.4375,0.0,2.0
SOXL,SHORT,2025-04-25,2025-05-01,12.32,12.49,4687,-796.7899999999996,290.711175,-1087.5011749999996,-1.379870129870131,6.0
TSLL,SHORT,2025-04-28,2025-05-01,10.13,10.13,5694,-0.0,288.4011,-288.4011,0.0,3.0
TEM,SHORT,2025-04-24,2025-05-01,51.04,53.5,1134,-2789.640000000001,296.3709,-3086.0109000000007,-4.81974921630095,7.0
HIMS,SHORT,2025-05-07,2025-05-09,50.95,50.95,1179,-0.0,300.35025,-300.35025,0.0,2.0
PONY,SHORT,2025-05-09,2025-05-13,17.7,19.05,3395,-4583.250000000005,311.915625,-4895.165625000004,-7.6271186440677985,4.0
NBIS,SHORT,2025-05-13,2025-05-15,34.34,35.07,1771,-1292.8299999999945,307.312775,-1600.1427749999943,-2.125800815375656,2.0
ETHU,SHORT,2025-05-13,2025-05-15,61.57,61.94,987,-365.1899999999975,304.76092500000004,-669.9509249999976,-0.6009420172161661,2.0
TSLL,SHORT,2025-05-13,2025-05-15,12.47,13.76,4876,-6290.039999999995,319.7437,-6609.783699999995,-10.344827586206895,2.0
CEP,SHORT,2025-05-02,2025-05-16,56.97,33.8,1010,23401.7,229.19425,23172.50575,40.67052834825346,14.0
XXI,SHORT,2025-05-02,2025-05-16,56.97,33.8,1010,23401.7,229.19425,23172.50575,40.67052834825346,14.0
ASST,SHORT,2025-05-09,2025-05-16,163.7,124.2,367,14496.499999999995,264.14824999999996,14232.351749999994,24.12950519242516,7.0
ACHR,SHORT,2025-05-14,2025-05-16,11.49,12.8399,5240,-7073.476,318.72168999999997,-7392.19769,-11.748476936466501,2.0
TSLT,SHORT,2025-05-14,2025-05-16,20.25,20.62,2973,-1100.010000000003,303.766275,-1403.776275000003,-1.8271604938271624,2.0
SMCI,SHORT,2025-05-14,2025-05-16,45.925,45.925,1310,-0.0,300.80875,-300.80875,0.0,2.0
CONL,SHORT,2025-05-14,2025-05-16,28.22,28.22,2132,-0.0,300.8252,-300.8252,0.0,2.0
OKLO,SHORT,2025-05-14,2025-05-16,34.55,38.53,1741,-6929.180000000007,318.0807,-7247.260700000006,-11.519536903039086,2.0
SMR,SHORT,2025-05-15,2025-05-19,23.63,23.63,2517,-0.0,297.38355,-297.38355,0.0,4.0
SOXL,SHORT,2025-05-13,2025-05-20,17.58,17.58,3459,-0.0,304.04609999999997,-304.04609999999997,0.0,7.0
QBTS,SHORT,2025-05-21,2025-05-23,17.3,17.905,3409,-2062.4450000000015,300.0346125,-2362.4796125000016,-3.497109826589595,2.0
LEU,SHORT,2025-05-28,2025-06-03,131.7,135.47,446,-1681.4200000000046,297.89455,-1979.3145500000046,-2.862566438876235,6.0
SMR,SHORT,2025-05-28,2025-06-09,36.59,35.1,1608,2395.9200000000033,288.1938,2107.7262000000032,4.072150860890956,12.0
APLD,SHORT,2025-06-05,2025-06-09,13.97,14.52,4236,-2329.7999999999956,301.70910000000003,-2631.5090999999957,-3.937007874015741,4.0
ASTS,SHORT,2025-06-05,2025-06-10,29.55,35.18,2002,-11271.259999999998,323.97365,-11595.233649999998,-19.052453468697127,5.0
NBIS,SHORT,2025-06-06,2025-06-10,47.69,51.0,1231,-4074.610000000003,303.718475,-4378.328475000003,-6.94065841895577,4.0
QUBT,SHORT,2025-06-12,2025-06-16,19.73,19.73,2934,-0.0,289.4391,-289.4391,0.0,4.0
ASTS,SHORT,2025-06-16,2025-06-18,39.52,41.31,1464,-2620.5599999999986,295.8378,-2916.397799999999,-4.52935222672064,2.0
URGN,SHORT,2025-06-16,2025-06-20,12.96,15.1,4466,-9557.239999999994,313.2899,-9870.529899999994,-16.51234567901234,4.0
BBAI,SHORT,2025-06-25,2025-06-26,5.8,5.8,9869,-0.0,286.201,-286.201,0.0,1.0
NVDL,SHORT,2025-06-26,2025-06-30,23.14,23.64,2467,-1233.5,288.51565,-1522.01565,-2.160760587726873,4.0
AMDL,SHORT,2025-06-25,2025-07-09,8.42,8.09,6797,2243.0100000000007,280.546175,1962.4638250000007,3.9192399049881255,14.0
BULL,SHORT,2025-07-03,2025-07-10,14.6,13.21,3961,5505.789999999995,275.3885250000001,5230.401474999995,9.520547945205472,7.0
SBET,SHORT,2025-07-09,2025-07-11,19.02,20.03,3058,-3088.580000000005,298.53725000000003,-3387.117250000005,-5.310199789695069,2.0
NKTR,SHORT,2025-06-26,2025-07-11,31.149,24.815,1833,11610.222,256.45503,11353.76697,20.334521172429287,15.0
SBET,SHORT,2025-07-14,2025-07-16,24.995,33.8,2315,-20383.57499999999,340.27606249999997,-20723.85106249999,-35.22704540908179,2.0
ETHU,SHORT,2025-07-14,2025-07-16,80.73,86.86,716,-4389.079999999996,299.98609999999996,-4689.066099999996,-7.593211941038014,2.0
SMR,SHORT,2025-07-15,2025-07-17,43.38,46.66,1323,-4339.439999999992,297.8073,-4637.247299999993,-7.561088059013366,2.0
MP,SHORT,2025-07-16,2025-07-18,61.08,61.08,923,-0.0,281.8842,-281.8842,0.0,2.0
BBAI,SHORT,2025-07-18,2025-07-24,8.47,7.79,6735,4579.800000000004,273.77775,4306.022250000004,8.028335301062583,6.0
NVTS,SHORT,2025-07-22,2025-07-24,8.79,8.865,6649,-498.67500000000706,293.47023749999994,-792.1452375000069,-0.8532423208191142,2.0
APLD,SHORT,2025-07-18,2025-07-25,11.47,11.47,4973,-0.0,285.20155000000005,-285.20155000000005,0.0,7.0
AMDL,SHORT,2025-07-29,2025-07-31,12.88,13.72,4691,-3940.439999999999,311.9515,-4252.391499999999,-6.521739130434789,2.0
SBET,SHORT,2025-07-17,2025-08-05,39.065,19.035,1443,28903.289999999997,209.59575,28693.694249999997,51.27351849481633,19.0
QS,SHORT,2025-07-18,2025-08-06,14.05,8.46,4061,22700.989999999998,228.53277500000002,22472.457225,39.786476868327405,19.0
BTOG,SHORT,2025-07-21,2025-08-08,277.44,143.49,209,27995.55,219.935925,27775.614074999998,48.28070934256055,18.0
BTAI,SHORT,2025-08-13,2025-08-15,7.29,4.75,8367,21252.18,251.8467,21000.333300000002,34.84224965706447,2.0
MSTZ,SHORT,2025-08-20,2025-08-21,5.37,5.37,11783,-0.0,316.37355,-316.37355,0.0,1.0
HIMS,SHORT,2025-07-31,2025-08-22,67.5,42.905,895,22012.524999999998,247.0311875,21765.493812499997,36.43703703703704,22.0
ETHU,SHORT,2025-08-13,2025-08-22,181.23,181.23,336,-0.0,304.4664,-304.4664,0.0,9.0
TLRY,SHORT,2025-08-14,2025-08-22,12.88,11.3,4839,7645.62,292.51755,7353.10245,12.26708074534162,8.0
IXHL,SHORT,2025-08-26,2025-09-02,27.37,20.39,2286,15956.28,272.9484,15683.331600000001,25.502374862988674,7.0
ONDS,SHORT,2025-08-29,2025-09-08,6.0,6.0,10574,-0.0,317.22,-317.22,0.0,10.0
OPEN,SHORT,2025-09-05,2025-09-10,6.41,6.41,9913,-0.0,317.71165,-317.71165,0.0,5.0
APLD,SHORT,2025-09-11,2025-09-15,17.49,19.105,3647,-5889.905000000007,333.6549125,-6223.559912500007,-9.233847913093207,4.0
TSLL,SHORT,2025-09-15,2025-09-17,18.35,18.35,3528,-0.0,323.694,-323.694,0.0,2.0
TSLT,SHORT,2025-09-16,2025-09-18,25.49,27.04,2553,-3957.150000000002,335.272725,-4292.422725000002,-6.080816006276968,2.0
TSLG,SHORT,2025-09-16,2025-09-18,8.82,9.355,7378,-3947.230000000001,335.23787500000003,-4282.467875000001,-6.065759637188206,2.0
BBAI,SHORT,2025-09-17,2025-09-19,6.12,6.31,10585,-2011.1499999999946,328.92887499999995,-2340.0788749999947,-3.104575163398682,2.0
RGTI,SHORT,2025-09-18,2025-09-22,22.875,26.33,2836,-9798.379999999996,348.86344999999994,-10147.243449999996,-15.103825136612015,4.0
QBTS,SHORT,2025-09-18,2025-09-22,23.22,24.49,2794,-3548.3799999999987,333.25435,-3881.634349999999,-5.469422911283384,4.0
BBAI,SHORT,2025-09-22,2025-09-24,7.06,8.04,8973,-8793.539999999995,338.73075,-9132.270749999996,-13.881019830028318,2.0
EOSE,SHORT,2025-09-23,2025-09-25,10.55,10.55,5986,-0.0,315.7615,-315.7615,0.0,2.0
NBIS,SHORT,2025-09-23,2025-09-25,109.8,109.8,575,-0.0,315.675,-315.675,0.0,2.0
QURE,SHORT,2025-09-26,2025-09-30,54.23,59.69,1176,-6420.960000000001,334.9248,-6755.884800000001,-10.068227918126492,4.0
ECHO,SHORT,2025-09-09,2025-10-01,83.575,75.51,759,6121.334999999998,301.8637875,5819.471212499998,9.650014956625785,22.0
SATS,SHORT,2025-09-09,2025-10-01,83.575,75.51,759,6121.334999999998,301.8637875,5819.471212499998,9.650014956625785,22.0
APLD,SHORT,2025-09-23,2025-10-01,25.18,22.83,2508,5893.800000000004,301.0227,5592.777300000003,9.33280381254965,8.0
WLDS,SHORT,2025-09-12,2025-10-02,82.53,45.09,772,28903.679999999997,246.3066,28657.373399999997,45.365321701199555,20.0
PL,SHORT,2025-10-02,2025-10-06,14.36,15.8,4393,-6325.9200000000055,331.23220000000003,-6657.152200000006,-10.027855153203348,4.0
CONL,SHORT,2025-10-03,2025-10-07,46.5,48.72,1352,-3001.4399999999987,321.8436,-3323.283599999999,-4.7741935483870845,4.0
NVTS,SHORT,2025-10-03,2025-10-07,8.47,8.47,7421,-0.0,314.27935,-314.27935,0.0,4.0
RGTI,SHORT,2025-10-03,2025-10-07,36.99,43.65,1699,-11315.339999999995,342.5184,-11657.858399999996,-18.004866180048662,4.0
RR,SHORT,2025-10-06,2025-10-08,6.76,7.09,9217,-3041.6100000000006,319.13862500000005,-3360.7486250000006,-4.881656804733736,2.0
RGTX,SHORT,2025-10-06,2025-10-08,262.03,310.34,237,-11449.470000000001,339.12922499999996,-11788.599225000002,-18.436820211426188,2.0
USAR,SHORT,2025-10-06,2025-10-08,28.0,29.58,2224,-3513.9199999999964,320.14480000000003,-3834.0647999999965,-5.642857142857127,2.0
RCAT,SHORT,2025-10-07,2025-10-09,15.065,15.065,4067,-0.0,306.346775,-306.346775,0.0,2.0
RGTI,SHORT,2025-10-08,2025-10-10,45.23,47.83,1352,-3515.200000000002,314.5428,-3829.7428000000023,-5.748397081583034,2.0
WULF,SHORT,2025-10-10,2025-10-14,14.455,14.455,4248,-0.0,307.0242,-307.0242,0.0,4.0
OKLO,SHORT,2025-10-14,2025-10-16,176.14,176.14,348,-0.0,306.48359999999997,-306.48359999999997,0.0,2.0
NVTS,SHORT,2025-10-14,2025-10-16,12.45,15.24,4923,-13735.170000000004,340.794675,-14075.964675000003,-22.40963855421687,2.0
AMDL,SHORT,2025-10-09,2025-10-16,21.36,21.36,2849,-0.0,304.2732,-304.2732,0.0,7.0
BITF,SHORT,2025-10-15,2025-10-21,6.235,4.98,9961,12501.054999999998,279.28153750000007,12221.773462499998,20.128307939053723,6.0
KEEL,SHORT,2025-10-15,2025-10-21,6.235,4.98,9960,12499.8,279.25350000000003,12220.546499999999,20.128307939053723,6.0
UAMY,SHORT,2025-10-14,2025-10-21,19.5,12.5,3144,22008.0,251.52,21756.48,35.89743589743589,7.0
STI,SHORT,2025-10-15,2025-10-27,28.84,14.8,2153,30228.12,234.8923,29993.2277,48.68238557558946,12.0
FLNC,SHORT,2025-10-16,2025-10-27,22.08,19.98,2931,6155.099999999994,308.19465,5846.905349999994,9.510869565217384,11.0
SMR,SHORT,2025-10-16,2025-10-29,56.33,42.155,1148,16272.899999999996,282.65195,15990.248049999997,25.164210900053252,13.0
CRML,SHORT,2025-10-14,2025-10-31,30.25,13.1,2026,34745.899999999994,219.56775,34526.33224999999,56.69421487603306,17.0
TERN,SHORT,2025-11-05,2025-11-07,17.95,18.0,3960,-198.0000000000028,355.905,-553.9050000000028,-0.278551532033422,2.0
MP,SHORT,2025-10-14,2025-11-10,97.91,61.55,625,22725.0,249.15625,22475.84375,37.136145439689514,27.0
APLD,SHORT,2025-10-16,2025-11-11,38.89,30.35,1664,14210.559999999998,288.0384,13922.521599999998,21.959372589354587,26.0
DMRA,SHORT,2025-11-12,2025-11-14,24.29,27.01,2929,-7966.880000000007,375.64425000000006,-8342.524250000008,-11.198023878139152,2.0
GLTO,SHORT,2025-11-12,2025-11-14,24.29,27.01,2928,-7964.160000000007,375.51599999999996,-8339.676000000007,-11.198023878139152,2.0
COGT,SHORT,2025-11-12,2025-11-14,34.42,34.42,2066,-0.0,355.5586,-355.5586,0.0,2.0
MSTZ,SHORT,2025-11-17,2025-11-19,11.87,11.87,5925,-0.0,351.64875,-351.64875,0.0,2.0
BYND,SHORT,2025-10-22,2025-11-28,185.1,30.6,375,57937.5,202.21875,57735.28125,83.46839546191248,37.0
AEHL,SHORT,2025-11-26,2025-12-05,352.32,352.32,199,-0.0,350.55839999999995,-350.55839999999995,0.0,9.0
ECHO,SHORT,2025-12-09,2025-12-11,90.91,106.1,773,-11741.869999999999,380.72182499999997,-12122.591825,-16.70883291167089,2.0
SATS,SHORT,2025-12-09,2025-12-11,90.91,106.1,773,-11741.869999999999,380.72182499999997,-12122.591825,-16.70883291167089,2.0
ECHO,SHORT,2025-12-15,2025-12-19,110.59,110.59,624,-0.0,345.0408,-345.0408,0.0,4.0
SATS,SHORT,2025-12-15,2025-12-19,110.59,110.59,624,-0.0,345.0408,-345.0408,0.0,4.0
ONDS,SHORT,2026-01-05,2026-01-07,11.35,12.7,6081,-8209.349999999999,365.620125,-8574.970124999998,-11.894273127753308,2.0
OKLO,SHORT,2026-01-06,2026-01-08,93.0,96.71,737,-2734.2699999999954,349.54067499999996,-3083.810674999995,-3.989247311827948,2.0
SMR,SHORT,2026-01-06,2026-01-08,19.58,19.58,3500,-0.0,342.65,-342.65,0.0,2.0
UUUU,SHORT,2026-01-06,2026-01-08,19.02,19.53,3603,-1837.5300000000057,347.23912500000006,-2184.7691250000057,-2.681388012618302,2.0
CRML,SHORT,2026-01-08,2026-01-12,14.16,16.36,4823,-10610.599999999997,367.99490000000003,-10978.594899999996,-15.536723163841803,4.0
BE,SHORT,2026-01-12,2026-01-14,138.09,139.39,490,-636.9999999999916,339.913,-976.9129999999916,-0.9414150191903614,2.0
AMDL,SHORT,2026-01-22,2026-01-26,21.36,21.86,3263,-1631.5,352.56714999999997,-1984.0671499999999,-2.3408239700374533,4.0
BOIL,SHORT,2026-01-22,2026-01-26,58.7,58.9,1187,-237.39999999999495,348.97800000000007,-586.377999999995,-0.34071550255536653,4.0
MUU,SHORT,2026-01-22,2026-01-26,9.305,9.305,7489,-0.0,348.425725,-348.425725,0.0,4.0
USAR,SHORT,2026-01-23,2026-01-27,23.62,27.0,2950,-9970.999999999996,373.3225,-10344.322499999997,-14.309906858594413,4.0
TMC,SHORT,2026-01-26,2026-01-29,9.745,8.1,7145,11753.524999999998,318.7563125,11434.768687499998,16.880451513596718,3.0
ROLR,SHORT,2026-01-16,2026-01-29,25.0,8.51,2707,44638.43000000001,226.77892500000002,44411.65107500001,65.96,13.0
AGQ,SHORT,2026-01-29,2026-02-04,429.415,190.07,165,39491.925,255.53756250000004,39236.3874375,55.73745677258597,6.0
FEED,SHORT,2026-01-30,2026-02-05,51.24,36.36,1438,21397.440000000002,314.922,21082.518000000004,29.039812646370024,6.0
CRWG,SHORT,2026-01-28,2026-02-09,64.75,37.8,1085,29240.750000000004,278.166875,28962.583125000005,41.62162162162163,12.0
SNDK,SHORT,2026-02-03,2026-02-12,694.06,640.55,108,5779.079999999999,360.3447,5418.735299999999,7.709708094401058,9.0
NKTR,SHORT,2026-02-12,2026-02-17,68.34,71.44,1101,-3413.0999999999935,384.74445000000003,-3797.8444499999937,-4.536142815335076,5.0
FSLY,SHORT,2026-02-17,2026-02-19,18.81,18.81,3999,-0.0,376.10594999999995,-376.10594999999995,0.0,2.0
CRVS,SHORT,2026-01-22,2026-02-25,24.3,17.82,2867,18578.16,301.8951,18276.2649,26.66666666666667,34.0
IBRX,SHORT,2026-02-24,2026-03-02,10.15,10.15,7404,-0.0,375.75300000000004,-375.75300000000004,0.0,6.0
BATL,SHORT,2026-03-03,2026-03-05,24.76,24.76,3034,-0.0,375.60920000000004,-375.60920000000004,0.0,2.0
AMPX,SHORT,2026-03-09,2026-03-11,16.82,18.13,4465,-5849.149999999994,390.129375,-6239.279374999995,-7.788347205707491,2.0
HIMZ,SHORT,2026-03-11,2026-03-13,32.73,32.76,2290,-68.7000000000026,374.93025,-443.6302500000026,-0.09165902841430373,2.0
QURE,SHORT,2026-03-10,2026-03-23,18.53,16.06,4038,9973.86000000001,349.18604999999997,9624.67395000001,13.329735563950361,13.0
FLY,SHORT,2026-04-06,2026-04-08,33.92,38.1,2217,-9267.06,399.17085,-9666.23085,-12.323113207547177,2.0
SOXL,SHORT,2026-04-09,2026-04-13,69.53,75.59,1074,-6508.440000000002,389.6472,-6898.087200000003,-8.715662304041416,4.0
AAOI,SHORT,2026-04-09,2026-04-13,136.68,148.53,546,-6470.099999999997,389.31165,-6859.411649999996,-8.66988586479367,4.0
FLY,SHORT,2026-04-09,2026-04-13,39.26,39.26,1902,-0.0,373.36259999999993,-373.36259999999993,0.0,4.0
HUT,SHORT,2026-04-09,2026-04-14,63.27,72.3303,1181,-10700.214299999989,400.35988575,-11100.574185749989,-14.320056899004264,5.0
CIFR,SHORT,2026-04-09,2026-04-14,15.88,18.42,4704,-11948.160000000003,403.368,-12351.528000000004,-15.994962216624685,5.0
BE,SHORT,2026-04-10,2026-04-14,164.93,202.78,447,-16918.949999999997,410.915925,-17329.865925,-22.94912993391136,4.0
CRWG,SHORT,2026-04-13,2026-04-15,42.0,55.0,1735,-22555.0,420.7375,-22975.7375,-30.952380952380953,2.0
IREN,SHORT,2026-04-13,2026-04-15,40.5,47.25,1799,-12143.25,394.655625,-12537.905625,-16.666666666666675,2.0
SOXL,SHORT,2026-04-14,2026-04-16,83.27,85.01,845,-1470.3000000000077,355.4915,-1825.7915000000075,-2.0895880869460814,2.0
BE,SHORT,2026-04-15,2026-04-21,225.6,225.6,310,-0.0,349.68,-349.68,0.0,6.0
CONL,SHORT,2026-04-20,2026-04-22,9.88,9.88,7206,-0.0,355.9764,-355.9764,0.0,2.0
IONX,SHORT,2026-04-20,2026-04-22,50.38,51.0215,1413,-906.4395000000009,358.20079875000005,-1264.640298750001,-1.2733227471218855,2.0
XNDU,SHORT,2026-04-17,2026-04-23,38.5,32.905,1828,10227.659999999998,326.32085,9901.339149999998,14.53246753246753,6.0
USAR,SHORT,2026-04-21,2026-04-23,23.26,24.98,3131,-5385.319999999996,377.5986,-5762.918599999996,-7.394668959587269,2.0
SOXL,SHORT,2026-04-23,2026-04-27,108.81,128.325,655,-12782.324999999992,388.3085625,-13170.633562499992,-17.93493245106148,4.0
QBTS,SHORT,2026-04-16,2026-05-01,22.0,20.1,3196,6072.399999999995,336.379,5736.020999999995,8.636363636363631,15.0
NVTS,SHORT,2026-04-23,2026-05-01,19.02,16.45,3751,9640.070000000002,332.61992499999997,9307.450075,13.512092534174558,8.0
AXTI,SHORT,2026-05-04,2026-05-06,98.88,110.2,731,-8274.920000000006,382.0937,-8657.013700000005,-11.448220064724923,2.0
INFQ,SHORT,2026-04-20,2026-05-07,17.94,13.25,3969,18614.610000000004,309.482775,18305.127225000004,26.142697881828326,17.0
AKAN,SHORT,2026-05-01,2026-05-08,57.72,35.34,1235,27639.299999999996,287.32275,27351.977249999996,38.77338877338876,7.0
KORU,SHORT,2026-05-06,2026-05-08,41.04,42.7,1760,-2921.6000000000067,368.45599999999996,-3290.056000000007,-4.044834307992207,2.0
MUU,SHORT,2026-05-06,2026-05-08,21.53,22.66,3356,-3792.2799999999966,370.75410000000005,-4163.034099999996,-5.248490478402235,2.0
IREN,SHORT,2026-05-06,2026-05-08,56.38,63.845,1281,-9562.664999999995,385.0205625,-9947.685562499995,-13.24051081943951,2.0
CIFR,SHORT,2026-05-06,2026-05-14,22.76,21.51,3173,3966.25,351.171775,3615.078225,5.492091388400699,8.0
WOLF,SHORT,2026-05-12,2026-05-14,51.82,63.355,1403,-16183.604999999996,403.9763125,-16587.581312499995,-22.25974527209571,2.0
IRE,SHORT,2026-05-07,2026-05-15,38.21,31.035,1898,13618.150000000001,328.56752500000005,13289.582475000001,18.77780685684376,8.0
FCEL,SHORT,2026-05-14,2026-05-18,20.52,20.71,3546,-673.7400000000046,365.50395000000003,-1039.2439500000046,-0.92592592592593,4.0
SNAL,SHORT,2026-05-15,2026-05-19,5.925,4.8,12288,13824.0,329.472,13494.528,18.9873417721519,4.0
INOD,SHORT,2026-05-12,2026-05-21,106.94,94.56,680,8418.399999999998,342.55,8075.849999999998,11.576585000935102,9.0
FLNC,SHORT,2026-05-11,2026-05-22,24.88,20.2,2907,13604.759999999998,327.61890000000005,13277.141099999999,18.810289389067524,11.0
MRAM,SHORT,2026-05-13,2026-05-26,50.21,34.4,1441,22782.210000000003,304.807525,22477.402475000003,31.487751443935473,13.0
FIGR,SHORT,2026-05-15,2026-05-27,44.52,34.91,1635,15712.350000000011,324.670125,15387.67987500001,21.585804132973962,12.0
ASTX,SHORT,2026-05-22,2026-05-27,43.37,66.21,1725,-39398.99999999999,472.5637499999999,-39871.563749999994,-52.663131196679736,5.0
ASTS,SHORT,2026-05-22,2026-05-27,99.12,124.0,754,-18759.519999999997,420.5812,-19180.101199999997,-25.100887812752216,5.0
RDW,SHORT,2026-05-26,2026-05-28,19.645,22.94,3674,-12105.830000000005,391.14322500000003,-12496.973225000005,-16.772715703741415,2.0
KEEL,SHORT,2026-05-27,2026-05-29,5.28,5.58,13474,-4042.1999999999975,365.8191,-4408.019099999998,-5.681818181818188,2.0
SIDU,SHORT,2026-05-27,2026-06-01,6.76,4.91,10525,19471.249999999996,307.066875,19164.183124999996,27.366863905325445,5.0
SOXL,SHORT,2026-05-27,2026-06-02,242.66,243.18,293,-152.360000000003,355.8778,-508.23780000000295,-0.2142916014176155,6.0
ASTC,SHORT,2026-05-29,2026-06-02,37.7,37.7,1971,-0.0,371.53350000000006,-371.53350000000006,0.0,4.0
SMCI,SHORT,2026-05-29,2026-06-03,44.5,49.47,1670,-8299.899999999998,392.32475,-8692.224749999998,-11.168539325842698,5.0
ASTS,SHORT,2026-05-28,2026-06-03,133.49,113.505,542,10831.870000000008,334.678225,10497.191775000008,14.971158888306245,6.0
NVTS,SHORT,2026-05-26,2026-06-03,31.355,31.355,2302,-0.0,360.89605000000006,-360.89605000000006,0.0,8.0
ASTX,SHORT,2026-05-28,2026-06-03,75.23,53.265,962,21130.33,309.030475,20821.299525000002,29.19712880499801,6.0
PRIM,SHORT,2026-05-27,2026-06-04,133.13,123.86,534,4950.179999999998,343.08165,4607.0983499999975,6.963118756103059,8.0
HUBC,SHORT,2026-06-02,2026-06-05,10.61,4.04,6912,45411.84,253.152,45158.687999999995,61.92271442035815,3.0
MVLL,SHORT,2026-06-03,2026-06-12,74.68,49.92,971,24041.960000000006,302.4665,23739.493500000008,33.15479378682379,9.0
HUT,SHORT,2026-06-02,2026-06-15,136.35,125.99,537,5563.32,352.19145,5211.128549999999,7.598093142647599,13.0
NBIS,SHORT,2026-06-02,2026-06-15,272.45,251.96,269,5511.809999999995,352.665725,5159.144274999995,7.520645990089914,13.0
BE,SHORT,2026-06-22,2026-06-24,338.78,338.78,228,-0.0,386.2092,-386.2092,0.0,2.0
FCEL,SHORT,2026-06-22,2026-06-24,24.76,25.11,3120,-1091.9999999999934,388.986,-1480.9859999999935,-1.4135702746365109,2.0
ASTS,SHORT,2026-06-30,2026-07-02,89.37,89.37,892,-0.0,398.59020000000004,-398.59020000000004,0.0,2.0
KEEL,SHORT,2026-06-23,2026-07-06,6.86,4.59,11459,26011.930000000004,328.01387500000004,25683.916125000003,33.09037900874636,13.0
EOSE,SHORT,2026-06-18,2026-07-08,8.04,4.74,9572,31587.59999999999,305.82539999999995,31281.77459999999,41.04477611940298,20.0
CIFR,SHORT,2026-06-22,2026-07-09,30.06,22.62,2570,19120.799999999996,338.469,18782.330999999995,24.75049900199601,17.0
MSTZ,SHORT,2026-06-26,2026-07-09,18.24,12.7,4321,23938.339999999997,334.22934999999995,23604.110649999995,30.372807017543856,13.0
OUST,SHORT,2026-06-30,2026-07-10,55.69,47.57,1432,11627.839999999997,369.67080000000004,11258.169199999997,14.580714670497397,10.0
FCEL,SHORT,2026-07-01,2026-07-15,37.09,21.26,2173,34398.590000000004,316.986375,34081.603625,42.67996764626584,14.0
VEEE,SHORT,2026-07-15,2026-07-17,43.47,43.47,1931,-0.0,419.70285,-419.70285,0.0,2.0
DFNS,SHORT,2026-07-29,2026-07-31,39.23,37.0,2158,4812.339999999993,411.26085,4401.079149999993,5.68442518480754,2.0
SMCI,SHORT,2026-07-23,2026-08-03,31.48,28.0,2666,9277.68,396.43420000000003,8881.2458,11.054637865311312,11.0
PLTU,SHORT,2026-08-05,2026-08-07,46.16,46.16,1859,-0.0,429.0571999999999,-429.0571999999999,0.0,2.0
AAOI,SHORT,2026-08-05,2026-08-07,135.58,142.48,633,-4367.699999999985,440.02995000000004,-4807.729949999985,-5.089246201504638,2.0
SOXS,SHORT,2026-07-29,2026-08-11,64.76,43.01,1307,28427.25000000001,352.13847499999997,28075.11152500001,33.585546633724526,13.0
SMCI,SHORT,2026-08-13,2026-08-17,38.74,39.31,2210,-1259.7000000000007,431.22625,-1690.9262500000007,-1.4713474445018138,4.0
NBIS,SHORT,2026-08-13,2026-08-17,266.98,276.78,320,-3135.9999999999854,435.00800000000004,-3571.0079999999853,-3.6706869428421385,4.0
RKLB,SHORT,2026-08-10,2026-08-17,85.31,85.31,999,-0.0,426.12345,-426.12345,0.0,7.0
SNDK,SHORT,2026-08-14,2026-08-18,1646.93,1677.54,51,-1561.109999999995,423.86992499999997,-1984.9799249999949,-1.8586096555408993,4.0
SNXX,SHORT,2026-08-14,2026-08-18,16.27,16.74,5233,-2459.509999999994,431.853325,-2891.363324999994,-2.8887523048555463,4.0
RDW,SHORT,2026-08-07,2026-08-19,12.42,12.57,6904,-1035.6000000000024,431.3274,-1466.9274000000023,-1.2077294685990392,12.0
WETO,SHORT,2026-08-18,2026-08-21,43.05,25.09,1972,35417.119999999995,335.9302,35081.18979999999,41.71893147502903,3.0
ETHU,SHORT,2026-08-21,2026-08-25,24.87,26.27,3559,-4982.599999999995,455.01815,-5437.618149999995,-5.629272215520698,4.0
CONL,SHORT,2026-08-24,2026-08-27,6.44,6.44,13742,-0.0,442.4924000000001,-442.4924000000001,0.0,3.0
IPST,SHORT,2026-08-19,2026-08-28,16.23,4.71,5373,61896.96,281.27655,61615.68345,70.97966728280961,9.0
BIAF,SHORT,2026-09-03,2026-09-08,13.2,10.63,6784,17434.87999999999,404.1568,17030.72319999999,19.469696969696958,5.0
