ts,symbol,side,qty,price,cost,venue
2025-12-02 09:35:00,AUPH,BUY,600,15.61,10.38712815,XNAS
2025-12-03 09:35:00,AGQ,BUY,84,110.74,10.316327994,ARCX
2025-12-04 09:35:00,AGQ,SELL,84,112.81,10.509165261000001,ARCX
2025-12-05 09:35:00,INDV,BUY,248,37.72,15.634276128,XNAS
2025-12-09 09:35:00,AUPH,SELL,600,15.53,10.333894950000001,XNAS
2025-12-11 09:35:00,LITE,BUY,25,362.56,12.352645800000001,XNAS
2025-12-11 09:35:00,CIEN,BUY,39,236.0,29.8892997,XNYS
2025-12-12 09:35:00,CIEN,SELL,39,220.84,27.969292142999997,XNYS
2025-12-17 09:35:00,AGQ,BUY,64,141.82,10.066043232,ARCX
2025-12-19 09:35:00,PSLV,BUY,406,22.94,10.329059601000003,ARCX
2025-12-19 09:35:00,B,BUY,203,45.75,2.8753325999999997,XNYS
2025-12-26 09:35:00,ITRG,BUY,2294,4.28,10.888762338000001,XASE
2025-12-29 09:35:00,AGQ,SELL,64,183.53,13.026518928,ARCX
2025-12-29 09:35:00,B,SELL,203,44.795,2.8153119959999997,XNYS
2025-12-29 09:35:00,INDV,SELL,248,36.29,15.041566296000001,XNAS
2025-12-29 09:35:00,ITRG,SELL,2294,4.12,10.481705802,XASE
2025-12-29 09:35:00,LITE,SELL,25,373.97,12.74139163125,XNAS
2025-12-29 09:35:00,PSLV,SELL,406,25.4,11.43670941,ARCX
2025-12-29 09:35:00,AA,BUY,175,54.73,6.68694560625,XNYS
2025-12-29 09:35:00,EGO,BUY,261,36.71,11.011799582999998,XNYS
2025-12-30 09:35:00,AGQ,BUY,59,162.03,10.602023924250002,ARCX
2025-12-30 09:35:00,PSLV,BUY,398,24.01,10.597820719500003,ARCX
2025-12-31 09:35:00,LITE,BUY,25,379.38,12.9257137125,XNAS
2025-12-31 09:35:00,ERO,BUY,328,28.91,15.863003729999997,XNYS
2026-01-05 09:35:00,LITE,SELL,25,355.675,12.118069546875,XNAS
2026-01-05 09:35:00,FCX,BUY,175,56.01,3.5153976375,XNYS
2026-01-06 09:35:00,B,BUY,216,46.73,3.125003327999999,XNYS
2026-01-07 09:35:00,ERO,SELL,328,28.22,15.484398659999998,XNYS
2026-01-07 09:35:00,FCX,SELL,175,54.615,3.4278422062500002,XNYS
2026-01-08 09:35:00,AGQ,SELL,59,190.77,12.482553255750002,ARCX
2026-01-08 09:35:00,FCX,BUY,177,55.45,3.5200242225,XNYS
2026-01-09 09:35:00,AGQ,BUY,45,217.18,10.838612227500002,ARCX
2026-01-12 09:35:00,B,SELL,216,49.5,3.3102431999999995,XNYS
2026-01-12 09:35:00,CENX,BUY,213,47.8,7.66048536,XNAS
2026-01-14 09:35:00,CENX,SELL,213,47.7,7.644459240000001,XNAS
2026-01-14 09:35:00,FIVE,BUY,52,201.27,26.070643989,XNAS
2026-01-14 09:35:00,HBM,BUY,462,22.72,5.741399663999999,XNYS
2026-01-15 09:35:00,EGO,SELL,261,40.14,12.040687422,XNYS
2026-01-15 09:35:00,SCCO,BUY,57,179.86,20.5873376625,XNYS
2026-01-16 09:35:00,AA,SELL,175,59.73,7.29784873125,XNYS
2026-01-16 09:35:00,HBM,SELL,462,22.81,5.7641428845,XNYS
2026-01-16 09:35:00,HL,BUY,363,28.05,7.780180815,XNYS
2026-01-20 09:35:00,AGQ,SELL,45,270.65,13.50709273125,ARCX
2026-01-20 09:35:00,FCX,SELL,177,61.55,3.9072586275,XNYS
2026-01-20 09:35:00,FIVE,SELL,52,192.98,24.996834485999994,XNAS
2026-01-20 09:35:00,HL,SELL,363,29.2,8.09915436,XNYS
2026-01-20 09:35:00,PSLV,SELL,398,31.05,13.705220047500003,ARCX
2026-01-20 09:35:00,SVM,BUY,833,12.57,12.48408499275,XASE
2026-01-20 09:35:00,MKSI,BUY,48,215.96,39.286406592,XNAS
2026-01-20 09:35:00,MT,BUY,206,50.64,7.658796131999999,XNYS
2026-01-21 09:35:00,VICR,BUY,63,164.93,66.73018733325,XNAS
2026-01-22 09:35:00,SCCO,SELL,57,178.91,20.478597693749997,XNYS
2026-01-22 09:35:00,PLTM,BUY,402,26.04,22.396718862,ARCX
2026-01-23 09:35:00,MKSI,SELL,48,217.73,39.608396496,XNAS
2026-01-23 09:35:00,MT,SELL,206,55.24,8.354500362,XNYS
2026-01-23 09:35:00,VICR,SELL,63,151.67,61.36523078175,XNAS
2026-01-23 09:35:00,PAAS,BUY,150,69.81,2.7307054125000003,XNYS
2026-01-23 09:35:00,SCCO,BUY,55,189.05,20.879981718750003,XNYS
2026-01-26 09:35:00,PLTM,SELL,402,25.205,21.67854450525,ARCX
2026-01-27 09:35:00,SVM,SELL,833,12.98,12.891282673500001,XASE
2026-01-27 09:35:00,HBM,BUY,387,26.76,5.664538737000001,XNYS
2026-01-27 09:35:00,PLTM,BUY,406,25.525,22.17221850375,ARCX
2026-01-27 09:35:00,ERO,BUY,287,36.05,17.308150256249995,XNYS
2026-01-27 09:35:00,MKSI,BUY,44,233.62,38.957443272000006,XNAS
2026-01-28 09:35:00,SVM,BUY,795,13.13,12.445383746250002,XASE
2026-01-29 09:35:00,HBM,SELL,387,25.01,5.2940999182500015,XNYS
2026-01-29 09:35:00,PLTM,SELL,406,22.105,19.201445250750005,ARCX
2026-01-30 09:35:00,ERO,SELL,287,32.79,15.742974948749996,XNYS
2026-01-30 09:35:00,MKSI,SELL,44,231.705,38.638106298000004,XNAS
2026-01-30 09:35:00,PAAS,SELL,150,54.25,2.1220565625,XNYS
2026-01-30 09:35:00,SCCO,SELL,55,189.5,20.9296828125,XNYS
2026-01-30 09:35:00,SVM,SELL,795,9.88,9.364843215,XASE
2026-02-02 09:35:00,MKSI,BUY,40,239.76,36.34665696,XNAS
2026-02-02 09:35:00,SHLD,BUY,127,75.77,5.22012300525,ARCX
2026-02-02 09:35:00,UFO,BUY,213,45.31,10.70323354575,XNAS
2026-02-03 09:35:00,CMC,BUY,115,83.11,10.94374819125,XNYS
2026-02-03 09:35:00,TEX,BUY,149,64.28,10.621930923,XNYS
2026-02-04 09:35:00,MKSI,SELL,40,216.77,32.86146492,XNAS
2026-02-04 09:35:00,SHLD,SELL,127,71.29,4.91147642925,ARCX
2026-02-04 09:35:00,UFO,SELL,213,42.9,10.1339377425,XNAS
2026-02-04 09:35:00,SCCO,BUY,49,191.88,18.880632225,XNYS
2026-02-04 09:35:00,STLD,BUY,48,195.44,21.911716511999998,XNAS
2026-02-06 09:35:00,STLD,SELL,48,200.89,22.522742171999997,XNAS
2026-02-09 09:35:00,TEX,SELL,149,61.41,10.147678562250002,XNYS
2026-02-10 09:35:00,CMC,SELL,115,83.5,10.995102562500001,XNYS
2026-02-10 09:35:00,SCCO,SELL,49,204.38,20.1106087875,XNYS
2026-02-10 09:35:00,CENX,BUY,173,54.65,7.113528179999999,XNAS
2026-02-10 09:35:00,ERX,BUY,116,81.23,7.002700209000001,ARCX
2026-02-10 09:35:00,KMI,BUY,301,31.48,3.306705633,XNYS
2026-02-12 09:35:00,ERX,SELL,116,80.16,6.910457328,ARCX
2026-02-13 09:35:00,CENX,SELL,173,45.12,5.873053823999999,XNAS
2026-02-17 09:35:00,FTI,BUY,149,62.5,6.04288125,XNYS
2026-02-25 09:35:00,OIS,BUY,711,13.22,10.424191765500002,XNYS
2026-02-25 09:35:00,FTAI,BUY,32,290.0,18.994536,XNAS
2026-02-26 09:35:00,OIS,SELL,711,13.22,10.424191765500002,XNYS
2026-02-27 09:35:00,PBR,BUY,553,17.1,10.487273107500002,XNYS
2026-02-27 09:35:00,LMT,BUY,13,685.5,13.462157475,XNYS
2026-02-27 09:35:00,SU,BUY,162,58.145,1.8163131592499997,XNYS
2026-03-02 09:35:00,FTAI,SELL,32,290.33,19.016150471999996,XNAS
2026-03-02 09:35:00,FTI,SELL,149,65.79,6.3609785190000006,XNYS
2026-03-02 09:35:00,LMT,SELL,13,682.0,13.3934229,XNYS
2026-03-02 09:35:00,SU,SELL,162,58.145,1.8163131592499997,XNYS
2026-03-02 09:35:00,FDX,BUY,25,375.72,5.820372450000001,XNYS
2026-03-02 09:35:00,TRGP,BUY,38,247.15,10.878406109999998,XNYS
2026-03-02 09:35:00,AG,BUY,330,28.5,6.686955,XNYS
2026-03-03 09:35:00,PBR,SELL,553,16.82,10.315551676500002,XNYS
2026-03-05 09:35:00,AG,SELL,330,25.745,6.04054935,XNYS
2026-03-05 09:35:00,FDX,SELL,25,364.97,5.6538415125,XNYS
2026-03-05 09:35:00,PBR,BUY,536,17.25,10.254045150000001,XNYS
2026-03-06 09:35:00,KMI,SELL,301,33.66,3.5356960484999997,XNYS
2026-03-11 09:35:00,TRGP,SELL,38,235.33,10.358144081999999,XNYS
2026-03-11 09:35:00,NTR,BUY,113,82.13,4.683732225749999,XNYS
2026-03-11 09:35:00,VRT,BUY,35,263.65,6.870290568750001,XNYS
2026-03-12 09:35:00,VRT,SELL,35,265.2,6.910681050000001,XNYS
2026-03-13 09:35:00,NTR,SELL,113,80.68,4.601041227,XNYS
2026-03-13 09:35:00,CF,BUY,75,123.93,13.35725285625,XNYS
2026-03-16 09:35:00,EQNR,BUY,255,36.43,2.7987393037499997,XNYS
2026-03-16 09:35:00,LBRT,BUY,301,30.87,8.3835897075,XNYS
2026-03-18 09:35:00,LBRT,SELL,301,30.99,8.416178977499998,XNYS
2026-03-19 09:35:00,CF,SELL,75,125.55,13.53185746875,XNYS
2026-03-19 09:35:00,EQNR,SELL,255,40.81,3.1352333512500006,XNYS
2026-03-19 09:35:00,AGRO,BUY,659,14.37,10.502278215750001,XNYS
2026-03-20 09:35:00,SU,BUY,151,62.095,1.807993724625,XNYS
2026-03-20 09:35:00,CNQ,BUY,197,47.725,2.489838305625,XNYS
2026-03-20 09:35:00,MGY,BUY,312,30.06,4.275289512,XNYS
2026-03-20 09:35:00,CRGY,BUY,768,12.23,9.926376768,XNYS
2026-03-20 09:35:00,MPC,BUY,41,227.62,11.763048789000003,XNYS
2026-03-23 09:35:00,AGRO,SELL,659,13.29,9.71296294275,XNYS
2026-03-23 09:35:00,PBR,SELL,536,19.42,11.543974308000001,XNYS
2026-03-23 09:35:00,PARR,BUY,162,58.3,18.86181066,XNYS
2026-03-23 09:35:00,GEV,BUY,10,864.13,12.90232503,XNYS
2026-03-24 09:35:00,GEV,SELL,10,927.0,13.841037,XNYS
2026-03-24 09:35:00,LNG,BUY,33,286.96,4.845161771999999,XNYS
2026-03-26 09:35:00,MPC,SELL,41,247.33,12.781631038500002,XNYS
2026-03-27 09:35:00,CRGY,SELL,768,13.8,11.200654080000001,XNYS
2026-03-31 09:35:00,CNQ,SELL,197,47.72,2.489577453,XNYS
2026-03-31 09:35:00,LNG,SELL,33,279.96,4.726970622,XNYS
2026-03-31 09:35:00,SU,SELL,151,64.905,1.8898113003750001,XNYS
2026-03-31 09:35:00,CHRD,BUY,70,137.65,22.258727662499997,XNAS
2026-03-31 09:35:00,UCO,BUY,258,37.69,10.784181280499999,ARCX
2026-03-31 09:35:00,MTDR,BUY,158,61.49,11.130956693999998,XNYS
2026-03-31 09:35:00,OVV,BUY,168,57.87,3.906849996,XNYS
2026-04-01 09:35:00,CHRD,SELL,70,143.2,23.1561918,XNAS
2026-04-01 09:35:00,MGY,SELL,312,31.27,4.447382003999999,XNYS
2026-04-01 09:35:00,PARR,SELL,162,64.76,20.951815752,XNYS
2026-04-01 09:35:00,PBR,BUY,472,20.69,10.830383262000002,XNYS
2026-04-02 09:35:00,CIEN,BUY,21,455.45,31.059834041249996,XNYS
2026-04-07 09:35:00,PBR,SELL,472,19.19,10.045193562000001,XNYS
2026-04-07 09:35:00,APA,BUY,267,36.98,3.1346402084999996,XNAS
2026-04-07 09:35:00,EQNR,BUY,264,37.35,2.97069201,XNYS
2026-04-07 09:35:00,SU,BUY,158,62.28,1.897444278,XNYS
2026-04-08 09:35:00,APA,SELL,267,39.26,3.3279062895000004,XNAS
2026-04-08 09:35:00,MTDR,SELL,158,60.37,10.928213622,XNYS
2026-04-08 09:35:00,OVV,SELL,168,57.12,3.8562168960000003,XNYS
2026-04-08 09:35:00,PBR,BUY,489,20.37,11.046920393250002,XNYS
2026-04-09 09:35:00,PBR,SELL,489,20.81,11.285538212250001,XNYS
2026-04-09 09:35:00,SU,SELL,158,63.39,1.9312619265000002,XNYS
2026-04-09 09:35:00,UCO,SELL,258,39.93,11.425109008500002,ARCX
2026-04-09 09:35:00,HAFN,BUY,1229,8.08,14.864944265999997,XNYS
2026-04-10 09:35:00,MTDR,BUY,163,60.9,11.373020189999997,XNYS
2026-04-13 09:35:00,HAFN,SELL,1229,8.23,15.140902389749998,XNYS
2026-04-14 09:35:00,CIEN,SELL,21,471.78,32.173473496499994,XNYS
2026-04-14 09:35:00,EQNR,SELL,264,37.78,3.004892748,XNYS
2026-04-15 09:35:00,EQNR,BUY,262,37.42,2.9537121510000004,XNYS
2026-04-16 09:35:00,KGS,BUY,161,61.15,19.861113352499995,XNYS
2026-04-16 09:35:00,PUMP,BUY,707,13.98,10.961447836500001,XNYS
2026-04-16 09:35:00,FTI,BUY,139,70.61,6.3688172309999995,XNYS
2026-04-17 09:35:00,EQNR,SELL,262,35.68,2.816366904,XNYS
2026-04-17 09:35:00,MTDR,SELL,163,55.97,10.452347127,XNYS
2026-04-20 09:35:00,FTI,SELL,139,70.9,6.39497439,XNYS
2026-04-20 09:35:00,EQNR,BUY,266,36.82,2.9507235030000003,XNYS
2026-04-21 09:35:00,POWI,BUY,141,69.89,31.744514999250004,XNAS
2026-04-21 09:35:00,MTZ,BUY,26,378.31,26.114739299999997,XNYS
2026-04-21 09:35:00,AMD,BUY,33,291.215,8.378801578125,XNAS
2026-04-22 09:35:00,BNO,BUY,194,51.33,11.043693130500001,ARCX
2026-04-23 09:35:00,POWI,SELL,141,74.99,34.06096980675,XNAS
2026-04-24 09:35:00,AMD,SELL,33,346.32,9.964275749999999,XNAS
2026-04-24 09:35:00,MTZ,SELL,26,380.69,26.279030700000003,XNYS
2026-04-27 09:35:00,MTZ,BUY,27,377.03,27.027395549999998,XNYS
2026-04-27 09:35:00,MPWR,BUY,6,1527.315,35.237448022500004,XNAS
2026-04-28 09:35:00,PUMP,SELL,707,17.91,14.04288488925,XNYS
2026-04-29 09:35:00,KGS,SELL,161,66.58,21.624741242999995,XNYS
2026-04-29 09:35:00,WTTR,BUY,629,16.74,11.677434376499999,XNYS
2026-04-29 09:35:00,FTI,BUY,141,74.625,6.8278069125,XNYS
2026-04-30 09:35:00,MTZ,SELL,27,406.88,29.167192800000002,XNYS
2026-05-01 09:35:00,EQNR,SELL,266,40.68,3.2600606219999997,XNYS
2026-05-01 09:35:00,FTI,SELL,141,75.755,6.9311961495,XNYS
2026-05-01 09:35:00,WTTR,SELL,629,16.45,11.47513712625,XNYS
2026-05-01 09:35:00,ASX,BUY,327,32.48,2.972806704,XNYS
2026-05-04 09:35:00,BNO,SELL,194,58.71,12.6315064035,ARCX
2026-05-04 09:35:00,STM,BUY,190,55.98,3.66629814,XNYS
2026-05-04 09:35:00,PENG,BUY,315,33.76,22.63771314,XNAS
2026-05-04 09:35:00,MRVL,BUY,63,168.275,9.860822448750001,XNAS
2026-05-04 09:35:00,TSEM,BUY,47,223.18,46.027226007,XNAS
2026-05-04 09:35:00,WDC,BUY,23,455.8,10.923440715,XNAS
2026-05-06 09:35:00,TSEM,SELL,47,211.84,43.688536416,XNAS
2026-05-07 09:35:00,MPWR,SELL,6,1608.64,37.11373776,XNAS
2026-05-07 09:35:00,MRVL,SELL,63,164.685,9.650450423250001,XNAS
2026-05-07 09:35:00,STM,SELL,190,56.72,3.71476296,XNYS
2026-05-07 09:35:00,WDC,SELL,23,475.06,11.385014800499999,XNAS
2026-05-07 09:35:00,NVT,BUY,63,169.94,19.618077528,XNYS
2026-05-08 09:35:00,MRVL,BUY,67,163.665,10.19961098325,XNAS
2026-05-08 09:35:00,WDC,BUY,22,489.025,11.210140136249999,XNAS
2026-05-11 09:35:00,ASX,SELL,327,34.7,3.17599731,XNYS
2026-05-11 09:35:00,MRVL,SELL,67,165.455,10.31116387275,XNAS
2026-05-11 09:35:00,NVT,SELL,63,170.28,19.657327536,XNYS
2026-05-11 09:35:00,AMD,BUY,24,449.25,9.40055625,XNAS
2026-05-11 09:35:00,STM,BUY,189,58.44,3.807266652,XNYS
2026-05-11 09:35:00,EWT,BUY,117,94.35,12.24247152375,ARCX
2026-05-11 09:35:00,MPWR,BUY,6,1619.54,37.365217109999996,XNAS
2026-05-12 09:35:00,WDC,SELL,22,503.32,11.537830854,XNAS
2026-05-12 09:35:00,KGS,BUY,144,76.5,22.223127599999994,XNYS
2026-05-13 09:35:00,MPWR,SELL,6,1639.85,37.833799275,XNAS
2026-05-13 09:35:00,WDC,BUY,23,484.755,11.617359595875,XNAS
2026-05-14 09:35:00,PENG,SELL,315,47.04,31.54259556,XNAS
2026-05-14 09:35:00,ON,BUY,99,113.415,8.114537029500001,XNAS
2026-05-14 09:35:00,NUE,BUY,48,229.29,17.017353504,XNYS
2026-05-14 09:35:00,MRVL,BUY,64,173.9,10.352197440000001,XNAS
2026-05-15 09:35:00,AMD,SELL,24,429.5,8.9872875,XNAS
2026-05-15 09:35:00,EWT,SELL,117,92.79,12.040052280750002,ARCX
2026-05-15 09:35:00,STM,SELL,189,63.2,4.117372560000001,XNYS
2026-05-15 09:35:00,WDC,SELL,23,485.335,11.631259542375002,XNAS
2026-05-18 09:35:00,MRVL,SELL,64,164.61,9.799167456000001,XNAS
2026-05-18 09:35:00,STM,BUY,184,59.975,3.8039023800000002,XNYS
2026-05-18 09:35:00,AMD,BUY,26,412.6,9.353126249999999,XNAS
2026-05-18 09:35:00,MRX,BUY,199,55.22,12.186831739500002,XNAS
2026-05-19 09:35:00,MRVL,BUY,59,183.45,10.0675250325,XNAS
2026-05-20 09:35:00,KGS,SELL,144,73.93,21.476546712,XNYS
2026-05-20 09:35:00,NUE,SELL,48,225.73,16.753138848,XNYS
2026-05-20 09:35:00,PENG,BUY,231,48.38,23.790162280500002,XNAS
2026-05-22 09:35:00,MRX,SELL,199,53.39,11.782958105250001,XNAS
2026-05-22 09:35:00,STM,SELL,184,69.745,4.423562676,XNYS
2026-05-22 09:35:00,SNDK,BUY,7,1535.21,16.671804896250002,XNAS
2026-05-22 09:35:00,WDC,BUY,22,504.83,11.5724452635,XNAS
2026-05-22 09:35:00,IRDM,BUY,222,51.64,8.187072731999999,XNAS
2026-05-22 09:35:00,EWT,BUY,113,101.2,12.682366290000001,ARCX
2026-05-26 09:35:00,AMD,SELL,26,508.0,11.515725,XNAS
2026-05-26 09:35:00,ASX,BUY,295,40.12,3.3127284599999998,XNYS
2026-05-28 09:35:00,MRVL,SELL,59,204.44,11.219432094,XNAS
2026-05-28 09:35:00,ON,SELL,99,124.34,8.896191282,XNAS
2026-05-28 09:35:00,PENG,SELL,231,59.955,29.482000403625,XNAS
2026-05-29 09:35:00,ASX,SELL,295,38.15,3.150064575,XNYS
2026-05-29 09:35:00,ACMR,BUY,143,83.5,43.9234277625,XNAS
2026-06-01 09:35:00,IRDM,SELL,222,48.51,7.690838462999999,XNAS
2026-06-01 09:35:00,GFS,BUY,147,81.61,11.415131421749999,XNAS
2026-06-02 09:35:00,ACMR,SELL,143,92.01,48.39993519075,XNAS
2026-06-02 09:35:00,PENG,BUY,176,69.02,25.858729511999996,XNAS
2026-06-02 09:35:00,AMD,BUY,22,533.75,10.2379921875,XNAS
2026-06-02 09:35:00,MRVL,BUY,38,317.63,11.226854691000002,XNAS
2026-06-03 09:35:00,SNDK,SELL,7,1741.31,18.909973608749997,XNAS
2026-06-03 09:35:00,MU,BUY,12,1007.1,7.48043667,XNAS
2026-06-04 09:35:00,AMD,SELL,22,499.525,9.581513906249999,XNAS
2026-06-05 09:35:00,EWT,SELL,113,100.86,12.6397575495,ARCX
2026-06-05 09:35:00,GFS,SELL,147,78.765,11.017189393875,XNAS
2026-06-05 09:35:00,PENG,SELL,176,63.998,23.9772090888,XNAS
2026-06-05 09:35:00,WDC,SELL,22,540.21,12.383476924500002,XNAS
2026-06-05 09:35:00,AMD,BUY,23,485.0,9.725765625,XNAS
2026-06-05 09:35:00,FPS,BUY,187,61.28,11.767616784000001,XNYS
2026-06-08 09:35:00,MRVL,SELL,38,299.76,10.595227032,XNAS
2026-06-08 09:35:00,PENG,BUY,178,65.62,24.864274341,XNAS
2026-06-08 09:35:00,STLD,BUY,42,273.0,26.781422850000002,XNAS
2026-06-09 09:35:00,AMD,SELL,23,467.97,9.38426090625,XNAS
2026-06-10 09:35:00,MU,SELL,12,904.37,6.717389049,XNAS
2026-06-10 09:35:00,PENG,SELL,178,59.28,22.461965604,XNAS
2026-06-10 09:35:00,AMD,BUY,24,461.6,9.658980000000001,XNAS
2026-06-11 09:35:00,AMD,SELL,24,499.685,10.455908625000001,XNAS
2026-06-11 09:35:00,FPS,SELL,187,58.83,11.297142549,XNYS
2026-06-12 09:35:00,ACMR,BUY,118,97.55,42.343133422499996,XNAS
2026-06-12 09:35:00,MRVL,BUY,39,296.71,10.7634074535,XNAS
2026-06-15 09:35:00,STLD,SELL,42,273.85,26.864808232500003,XNAS
2026-06-15 09:35:00,STX,BUY,11,1044.025,20.116143196875,XNAS
2026-06-16 09:35:00,MRVL,SELL,39,292.89,10.6248337065,XNAS
2026-06-17 09:35:00,MRVL,BUY,37,305.465,10.512745980750001,XNAS
2026-06-17 09:35:00,STLD,BUY,44,261.9,26.91596061,XNAS
2026-06-17 09:35:00,MFG,BUY,1115,10.34,12.786060127500003,XNYS
2026-06-18 09:35:00,STLD,SELL,44,250.36,25.729972884,XNAS
2026-06-22 09:35:00,ACMR,SELL,118,94.05,40.823902597499995,XNAS
2026-06-22 09:35:00,MFG,SELL,1115,9.69,11.98229425875,XNYS
2026-06-22 09:35:00,MRVL,SELL,37,278.82,9.595743651000001,XNAS
2026-06-22 09:35:00,STX,SELL,11,984.26,18.9645986475,XNAS
2026-06-22 09:35:00,PENG,BUY,181,61.61,23.73828525225,XNAS
2026-06-22 09:35:00,INTC,BUY,86,129.73,2.7311797440000003,XNAS
2026-06-22 09:35:00,SOXX,BUY,18,607.64,12.129983118000002,XNAS
2026-06-23 09:35:00,PENG,SELL,181,67.0,25.815048075,XNAS
2026-06-23 09:35:00,SOXX,SELL,18,606.19,12.101037565500002,XNAS
2026-06-25 09:35:00,SOXX,BUY,18,601.44,12.006215928000003,XNAS
2026-06-26 09:35:00,INTC,SELL,86,127.0,2.6737056000000003,XNAS
2026-06-26 09:35:00,SOXX,SELL,18,593.71,11.851906189500003,XNAS
2026-06-26 09:35:00,CYRX,BUY,691,16.2727,12.470360302192502,XNAS
2026-06-30 09:35:00,CYRX,SELL,691,15.66,12.0008260665,XNAS
2026-06-30 09:35:00,ACMR,BUY,95,117.515,41.06677721062499,XNAS
2026-06-30 09:35:00,ALAB,BUY,23,468.0,28.057711500000003,XNAS
2026-06-30 09:35:00,AMAT,BUY,16,668.405,12.079415159999996,XNAS
2026-07-02 09:35:00,ACMR,SELL,95,102.0,35.644907249999996,XNAS
2026-07-02 09:35:00,ALAB,SELL,23,417.32,25.019325135000006,XNAS
2026-07-02 09:35:00,AMAT,SELL,16,627.755,11.344788359999999,XNAS
2026-07-02 09:35:00,ATEX,BUY,101,107.13,11.99979467325,XNAS
2026-07-02 09:35:00,OKTA,BUY,75,144.26,22.2916863375,XNAS
2026-07-02 09:35:00,PENG,BUY,168,64.5,23.0668641,XNAS
2026-07-06 09:35:00,ATEX,SELL,101,108.9,12.198055072500003,XNAS
2026-07-06 09:35:00,OKTA,SELL,75,150.0,23.17865625,XNAS
2026-07-06 09:35:00,ACIW,BUY,192,57.025,13.45799124,XNAS
2026-07-06 09:35:00,JNJ,BUY,41,264.89,6.37049192175,XNYS
2026-07-07 09:35:00,ACIW,SELL,192,55.21,13.029648336,XNAS
2026-07-07 09:35:00,PENG,SELL,168,67.85,24.264910529999998,XNAS
2026-07-07 09:35:00,SN,BUY,74,147.38,12.095159733000001,XNYS
2026-07-08 09:35:00,JNJ,SELL,41,260.63,6.26804073225,XNYS
2026-07-08 09:35:00,PENG,BUY,132,82.6,23.209914419999997,XNAS
2026-07-08 09:35:00,FTNT,BUY,71,153.27,7.844956353,XNAS
2026-07-10 09:35:00,FTNT,SELL,71,157.67,8.070165513,XNAS
2026-07-10 09:35:00,HUM,BUY,27,399.71,18.534742562250003,XNYS
2026-07-13 09:35:00,PENG,SELL,132,79.12,22.232063304,XNAS
2026-07-13 09:35:00,SN,SELL,74,152.7,12.531760695000001,XNYS
2026-07-16 09:35:00,HUM,SELL,27,387.5,17.968559062500002,XNYS
2026-07-20 09:35:00,GLL,BUY,410,26.55,12.072291637500001,ARCX
2026-07-21 09:35:00,GLL,SELL,410,25.49,11.590309372500002,ARCX
2026-07-21 09:35:00,PSX,BUY,50,216.0,7.129620000000001,XNYS
2026-07-22 09:35:00,VLO,BUY,33,319.14,12.833832132,XNYS
2026-07-22 09:35:00,PARR,BUY,132,81.96,21.606065712,XNYS
2026-07-23 09:35:00,PARR,SELL,132,76.46,20.156171112,XNYS
2026-07-23 09:35:00,VLO,SELL,33,304.37,12.239874306,XNYS
2026-07-23 09:35:00,MUFG,BUY,465,23.0,11.861022375000001,XNYS
2026-07-24 09:35:00,PSX,SELL,50,203.9,6.730229250000001,XNYS
2026-07-24 09:35:00,LNG,BUY,40,264.0,5.403024,XNYS
2026-07-27 09:35:00,LNG,SELL,40,254.52,5.209006320000001,XNYS
2026-07-27 09:35:00,SMFG,BUY,418,25.45,11.797918852500002,XNYS
2026-07-27 09:35:00,JNJ,BUY,39,270.0,6.176634750000001,XNYS
2026-07-27 09:35:00,ABBV,BUY,40,262.83,8.316992519999998,XNYS
2026-07-28 09:35:00,MUFG,SELL,465,22.4,11.5516044,XNYS
2026-07-28 09:35:00,DINO,BUY,116,90.79,12.983142501000001,XNYS
2026-07-29 09:35:00,JNJ,SELL,39,259.03,5.925680367749999,XNYS
2026-07-29 09:35:00,SMFG,SELL,418,25.08,11.626397046,XNYS
2026-07-30 09:35:00,ABBV,SELL,40,252.54,7.9913757599999995,XNYS
2026-07-31 09:35:00,DINO,SELL,116,90.83,12.988862577,XNYS
2026-07-31 09:35:00,PARR,BUY,126,82.92,20.865541032,XNYS
2026-08-03 09:35:00,PRU,BUY,87,120.9,7.7317393725,XNYS
2026-08-03 09:35:00,LNC,BUY,232,45.17,5.696623584,XNYS
2026-08-05 09:35:00,PARR,SELL,126,71.05,17.878638329999998,XNYS
2026-08-05 09:35:00,PRU,SELL,87,121.2,7.750924829999999,XNYS
2026-08-07 09:35:00,LNC,SELL,232,44.9,5.66257248,XNYS
2026-08-11 09:35:00,IQV,BUY,43,239.8,83.352975255,XNYS
2026-08-14 09:35:00,IQV,SELL,43,235.34,81.8027072415,XNYS
2026-08-14 09:35:00,PBF,BUY,141,72.93,11.404248248250003,XNYS
2026-08-17 09:35:00,PBF,SELL,141,75.5,11.806125637500001,XNYS
2026-08-18 09:35:00,LFST,BUY,816,12.7,11.493047879999999,XNAS
2026-08-18 09:35:00,XLV,BUY,60,172.47,11.476412505000003,ARCX
2026-08-19 09:35:00,WHD,BUY,143,72.46,11.491473064500001,XNYS
2026-08-20 09:35:00,LFST,SELL,816,12.65,11.447799660000001,XNAS
2026-08-20 09:35:00,WHD,SELL,143,69.42,11.0093577165,XNYS
2026-08-20 09:35:00,XLV,SELL,60,171.91,11.439149265000001,ARCX
2026-08-20 09:35:00,CGAU,BUY,429,24.0,11.418521400000001,XNYS
2026-08-24 09:35:00,EQNR,BUY,247,41.66,3.1001257754999996,XNYS
2026-08-25 09:35:00,CGAU,SELL,429,23.61,11.232970427250002,XNYS
2026-08-25 09:35:00,LPG,BUY,210,48.89,18.163942807500003,XNYS
2026-08-25 09:35:00,WPM,BUY,63,160.93,11.24394977475,XNYS
2026-08-25 09:35:00,AEM,BUY,46,219.5,7.0585602750000005,XNYS
2026-08-26 09:35:00,LPG,SELL,210,48.59,18.052484782500006,XNYS
2026-08-26 09:35:00,AMGN,BUY,23,433.08,6.725808189,XNAS
2026-08-27 09:35:00,AEM,SELL,46,216.31,6.955978009500001,XNYS
2026-08-27 09:35:00,WPM,SELL,63,158.88,11.100719196000002,XNYS
2026-08-28 09:35:00,AMGN,SELL,23,428.59,6.65607770325,XNAS
2026-08-28 09:35:00,CRAK,BUY,166,61.5,11.322036225,ARCX
2026-08-28 09:35:00,NSIT,BUY,64,159.408,11.3143972608,XNAS
2026-08-28 09:35:00,DINO,BUY,99,102.98,12.568165780500001,XNYS
2026-08-28 09:35:00,CVI,BUY,235,43.47,11.32918943625,XNYS
2026-08-31 09:35:00,VCTR,BUY,85,119.91,11.30357095875,XNAS
2026-08-31 09:35:00,PAGP,BUY,355,28.7,4.584825,XNAS
2026-09-03 09:35:00,EQNR,SELL,247,42.66,3.1745407004999997,XNYS
2026-09-03 09:35:00,PAGP,SELL,355,27.64,4.41549,XNAS
2026-09-03 09:35:00,AMGN,BUY,23,437.03,6.7871523802499985,XNAS
2026-09-04 09:35:00,LH,BUY,31,321.18,31.430433915000002,XNYS
2026-09-08 09:35:00,AMGN,SELL,23,393.065,6.1043682363750005,XNAS
2026-09-08 09:35:00,NSIT,SELL,64,156.77,11.127158352000002,XNAS
2026-09-08 09:35:00,AEM,BUY,49,205.22,7.0297444035000005,XNYS
2026-09-09 09:35:00,LH,SELL,31,320.58,31.371718364999996,XNYS
2026-09-09 09:35:00,VCTR,SELL,85,110.68,10.433485395000002,XNAS
2026-09-10 09:35:00,CVI,SELL,235,48.36,12.603625515000001,XNYS
2026-09-11 09:35:00,APA,BUY,224,45.635,3.245305644,XNAS
2026-09-15 09:35:00,AEM,SELL,49,200.99,6.884847128250001,XNYS
2026-09-15 09:35:00,SM,BUY,257,39.985,11.396501708625001,XNYS
